code,name,date
098120,마이크로컨텍솔,2008-09-23
009520,포스코엠텍,1997-11-10
095570,AJ네트웍스,2015-08-21
006840,AK홀딩스,1999-08-11
282330,BGF리테일,2017-12-08
027410,BGF,2014-05-19
138930,BNK금융지주,2011-03-30
001465,BYC우,1989-09-05
001460,BYC,1975-06-02
001045,CJ우,1989-08-18
00104K,CJ4우(전환),2019-08-09
001040,CJ,1973-06-29
011155,CJ씨푸드1우,1990-01-13
011150,CJ씨푸드,1988-11-26
058820,CMG제약,2001-08-31
000590,CS홀딩스,1975-12-22
012030,DB,1993-01-06
016610,DB금융투자,1988-06-27
005830,DB손해보험,1973-06-28
000990,DB하이텍,1975-12-12
139130,DGB금융지주,2011-06-07
001530,DI동일,1964-01-04
000215,DL우,1989-08-21
001880,DL건설,1977-12-22
000210,DL,1976-02-02
37550K,DL이앤씨우,2021-01-25
37550L,DL이앤씨2우(전환),2022-04-28
375500,DL이앤씨,2021-01-25
155660,DSR,2013-05-15
069730,DSR제강,2003-01-28
017940,E1,1997-08-27
365550,ESR켄달스퀘어리츠,2020-12-23
050120,ES큐브,2002-04-25
383220,F&F,2021-05-21
007700,F&F홀딩스,1984-10-04
078935,GS우,2004-08-05
006360,GS건설,1981-08-03
078930,GS,2004-08-05
012630,HDC,1996-10-16
294870,HDC현대산업개발,2018-06-12
097230,HJ중공업,2007-08-31
014790,HL D&I,1994-08-12
024850,HLB이노베이션,2001-01-18
204320,HL만도,2014-10-06
060980,HL홀딩스,2010-05-19
035000,HS애드,1999-08-11
003560,IHQ,1973-12-18
175330,JB금융지주,2013-07-18
234080,JW생명과학,2016-10-27
001065,JW중외제약우,1994-10-21
001067,JW중외제약2우B,1998-04-13
001060,JW중외제약,1976-06-14
096760,JW홀딩스,2007-07-31
105560,KB금융,2008-10-10
432320,KB스타리츠,2022-10-06
024120,KB오토시스,1994-12-07
009070,KCTC,1978-09-29
044180,KD,2000-11-16
003620,KG모빌리티,1975-05-29
016380,KG스틸,1986-02-03
001390,KG케미칼,1989-08-25
033180,KH 필룩스,2001-12-26
001940,KISCO홀딩스,1989-11-13
025000,KPX케미칼,1994-12-27
092230,KPX홀딩스,2006-10-12
000040,KR모터스,1976-05-25
093050,LF,2006-12-01
003555,LG우,1988-11-18
034220,LG디스플레이,2004-07-23
003550,LG,1970-02-13
051905,LG생활건강우,2001-04-25
051900,LG생활건강,2001-04-25
373220,LG에너지솔루션,2022-01-27
032640,LG유플러스,2008-04-21
011070,LG이노텍,2008-07-24
066575,LG전자우,2002-04-22
066570,LG전자,2002-04-22
051915,LG화학우,2001-04-25
051910,LG화학,2001-04-25
079550,LIG넥스원,2015-10-02
010120,LS ELECTRIC,1994-07-11
000680,LS네트웍스,1973-11-15
006260,LS,1977-06-30
108320,LX세미콘,2022-11-03
001120,LX인터내셔널,1976-01-30
086960,MDS테크,2006-09-26
023150,MH에탄올,1996-12-24
035420,NAVER,2008-11-28
181710,NHN,2013-08-29
338100,NH프라임리츠,2019-12-05
034310,NICE,2004-02-04
008260,NI스틸,1975-06-28
004255,NPC우,1990-01-15
004250,NPC,1969-09-08
456040,OCI,2023-05-30
010955,S-Oil우,1992-05-28
010950,S-Oil,1987-05-27
950110,SBI핀테크솔루션즈,2012-12-17
005090,SGC에너지,1993-01-06
001380,SG글로벌,1976-06-29
001770,SHD,1988-11-23
002360,SH에너지화학,1985-12-23
009160,SIMPAC,1989-07-29
123700,SJM,2010-05-31
025530,SJM홀딩스,1997-02-12
03473K,SK우,2015-08-17
011790,SKC,1997-07-18
018670,SK가스,1997-08-27
001740,SK네트웍스,1977-06-30
210980,SK디앤디,2015-06-23
395400,SK리츠,2021-09-14
034730,SK,2009-11-11
402340,SK스퀘어,2021-11-29
260870,SK시그넷,2017-08-30
361610,SK아이이테크놀로지,2021-05-11
100090,SK오션플랜트,2023-04-19
096775,SK이노베이션우,2007-07-25
096770,SK이노베이션,2007-07-25
001515,SK증권우,1989-08-29
001510,SK증권,1986-09-20
28513K,SK케미칼우,2018-01-05
285130,SK케미칼,2018-01-05
017670,SK텔레콤,1989-11-07
003570,SNT다이내믹스,1976-07-08
064960,SNT모티브,2002-03-11
100840,SNT에너지,2008-02-22
036530,SNT홀딩스,2002-10-22
005610,SPC삼립,1975-05-02
465770,STX그린로지스,2023-09-15
011810,STX,1990-09-12
077970,STX엔진,2004-05-10
071970,STX중공업,2009-05-15
084870,TBH글로벌,2005-12-19
002710,TCC스틸,1984-12-21
024070,WISCOM,1996-11-22
079940,가비아,2005-10-19
078890,가온그룹,2005-07-12
000500,가온전선,1987-06-08
399720,가온칩스,2022-05-20
296520,가이아코퍼레이션,2023-06-20
036620,감성코퍼레이션,2000-01-11
000860,강남제비스코,1975-11-12
217730,강스템바이오텍,2015-12-21
035250,강원랜드,2003-09-04
114190,강원에너지,2009-11-20
094480,갤럭시아머니트리,2007-07-20
011420,갤럭시아에스엠,1989-11-14
039240,경남스틸,2000-03-07
053950,경남제약,2001-11-06
002100,경농,1977-06-30
009450,경동나비엔,1993-08-31
267290,경동도시가스,2017-05-12
012320,경동인베스트,1997-03-07
011040,경동제약,1992-12-18
000050,경방,1956-03-03
214390,경보제약,2015-06-29
012610,경인양행,1995-10-05
009140,경인전자,1989-06-20
024910,경창산업,1994-12-29
013580,계룡건설,1996-01-30
012205,계양전기우,1989-08-02
012200,계양전기,1988-07-06
002140,고려산업,1991-01-14
198440,고려시멘트,2014-08-13
049720,고려신용정보,2002-01-31
010130,고려아연,1990-07-28
002240,고려제강,1976-05-25
014570,고려제약,2000-12-07
348150,고바이오랩,2020-11-18
950190,고스트스튜디오,2020-08-18
098460,고영,2008-06-03
035290,골드앤에스,1999-12-07
215000,골프존,2015-04-03
121440,골프존뉴딘홀딩스,2011-05-20
183410,골프존데카,2013-11-12
366030,공구우먼,2022-03-23
076340,관악산업,2015-05-18
009290,광동제약,1989-11-17
014200,광림,1993-07-07
017040,광명전기,1990-09-14
029480,광무,1996-08-27
017900,광전자,1996-10-16
037710,광주신세계,2002-02-07
026910,광진실업,1996-01-03
397880,교보11호스팩,2021-12-20
421800,교보12호스팩,2022-06-24
440790,교보13호스팩,2022-11-02
456490,교보14호스팩,2023-07-06
465320,교보15호스팩,2023-12-05
030610,교보증권,2002-07-18
339770,교촌에프앤비,2020-11-12
053270,구영테크,2002-02-07
007690,국도화학,1989-08-05
005320,국동,1996-12-24
066620,국보디자인,2002-09-05
001140,국보,1989-12-02
043650,국순당,2000-08-24
006050,국영지앤엠,1994-10-07
060480,국일신동,2014-12-29
078130,국일제지,2004-10-22
307750,국전약품,2018-12-19
002720,국제약품,1975-12-27
243870,굿센,2016-10-31
035080,그래디언트,1999-07-05
114090,GKL,2009-11-19
900290,GRT,2016-10-25
204020,그리티,2018-07-23
402490,그린리소스,2023-11-24
114450,그린생명과학,2009-12-22
083420,그린케미칼,2005-10-20
186230,그린플러스,2019-08-07
014530,극동유화,1991-01-31
083450,GST,2006-02-01
900070,글로벌에스엠,2009-12-23
204620,글로벌텍스프리,2014-11-19
019660,글로본,1992-06-04
014285,금강공업우,1989-07-31
014280,금강공업,1988-09-10
053260,금강철강,2002-01-04
008870,금비,1990-06-08
282720,금양그린파워,2023-03-13
001570,금양,1976-12-17
002995,금호건설우,1988-10-06
002990,금호건설,1976-06-26
011785,금호석유우,1988-10-20
011780,금호석유,1988-01-22
214330,금호에이치티,2015-11-11
001210,금호전기,1973-11-15
073240,금호타이어,2005-02-17
036190,금화피에스시,2000-12-26
049080,기가레인,2013-12-19
420770,기가비스,2023-05-24
035460,기산텔레콤,1999-11-18
092440,기신정기,2007-10-30
000270,기아,1973-07-21
456700,길교이앤씨,2023-07-26
013700,까뮤이앤씨,1989-11-30
308100,까스텔바작,2019-06-10
004545,깨끗한나라우,1988-11-21
004540,깨끗한나라,1975-06-25
407400,꿈비,2023-02-09
187790,나노,2014-05-08
286750,나노브릭,2019-08-19
121600,나노신소재,2011-02-09
247660,나노씨엠에스,2021-03-09
039860,나노엔텍,2000-08-16
091970,나노캠텍,2007-01-30
417010,나노팀,2023-03-03
244880,나눔테크,2016-06-01
405920,나라셀라,2023-06-02
288490,나라소프트,2018-11-23
051490,나라엠앤디,2001-06-12
137080,나래나노텍,2022-02-08
190510,나무가,2015-11-12
242040,나무기술,2016-09-07
089600,나스미디어,2013-07-17
293580,나우IB,2018-10-04
257990,나우코스,2020-12-30
138610,나이벡,2011-07-13
130580,나이스디앤비,2011-12-22
036800,나이스정보통신,2000-05-03
030190,NICE평가정보,2023-08-08
267320,나인테크,2017-06-22
001260,남광토건,1976-12-28
008355,남선알미우,1989-12-23
008350,남선알미늄,1978-05-22
004270,남성,1989-11-14
003925,남양유업우,1988-06-20
003920,남양유업,1978-06-24
025860,남해화학,1995-11-10
111710,남화산업,2018-11-29
091590,남화토건,2012-01-31
168330,내츄럴엔도텍,2013-10-31
094860,네오리진,2007-04-16
253590,네오셈,2018-04-04
212560,네오오토,2015-11-18
095660,네오위즈,2007-07-02
042420,네오위즈홀딩스,2000-06-27
950220,네오이뮨텍,2021-03-16
311390,네오크레마,2019-08-22
085910,네오티스,2007-10-01
092730,네오팜,2007-01-30
290660,네오펙트,2018-11-28
306620,네온테크,2018-10-31
153460,네이블,2012-07-19
007390,네이처셀,1992-11-30
033640,네패스,1999-12-14
330860,네패스아크,2020-11-17
005725,넥센우,1989-09-23
005720,넥센,1987-12-19
002355,넥센타이어1우B,1999-06-08
002350,넥센타이어,1976-05-19
089140,넥스턴바이오,2006-11-01
137940,넥스트아이,2011-06-14
160550,NEW,2014-12-23
396270,넥스트칩,2022-07-01
348210,넥스틴,2020-10-08
092790,넥스틸,2023-08-21
225570,넥슨게임즈,2015-09-25
217270,넵튠,2015-06-18
251270,넷마블,2017-05-12
317860,노드메이슨,2019-12-06
104620,노랑풍선,2019-01-30
090355,노루페인트우,2006-07-03
090350,노루페인트,2006-07-03
000325,노루홀딩스우,1989-01-21
000320,노루홀딩스,1973-08-10
194700,노바렉스,2018-11-14
285490,노바텍,2018-11-02
283100,노보믹스,2023-04-19
229500,노브메타파마,2015-10-28
106520,노블엠앤비,2012-07-13
376930,노을,2022-03-03
006280,녹십자,1989-08-01
142280,녹십자엠에스,2014-12-17
234690,녹십자웰빙,2019-10-14
005257,녹십자홀딩스2우,1997-03-19
005250,녹십자홀딩스,1978-08-28
065560,녹원씨엔아이,2003-07-01
004370,농심,1976-06-30
072710,농심홀딩스,2003-07-30
154030,아시아종묘,2018-02-12
403490,우듬지팜,2023-09-19
054050,농우바이오,2002-04-02
069140,누리플랜,2010-10-26
040160,누리플렉스,2000-08-29
332290,누보,2019-10-11
348340,뉴로메카,2022-11-04
060260,뉴보텍,2002-02-05
012340,뉴인텍,1997-02-12
214870,뉴지랩파마,2015-10-13
270870,뉴트리,2018-12-13
144960,뉴파워프라즈마,2016-11-30
085670,뉴프렉스,2006-01-17
064260,다날,2004-07-23
340360,다보링크,2019-12-19
039560,다산네트웍스,2000-06-22
154040,다산솔루에타,2013-12-27
058730,다스코,2004-08-02
030210,다올투자증권,1996-11-19
023590,다우기술,1997-08-27
032190,다우데이타,1999-12-21
323350,다원넥스뷰,2019-05-21
068240,다원시스,2010-09-14
145210,다이나믹디자인,2015-03-19
019680,대교,2004-02-03
019685,대교우B,2004-02-03
006370,대구백화점,1988-10-10
00806K,대덕1우,2018-12-19
008060,대덕,1989-01-26
353200,대덕전자,2020-05-21
35320K,대덕전자1우,2020-05-21
178600,대동고려삼,2013-12-20
020400,대동금속,1993-07-30
008830,대동기어,1991-05-17
000490,대동,1975-06-27
048470,대동스틸,2002-01-10
008110,대동전자,1990-06-05
004780,대륙제관,1994-12-29
005750,대림B&Co,1992-12-23
017650,대림제지,1994-11-07
006570,대림통상,1975-11-20
007720,대명소노시즌,1994-01-06
389260,대명에너지,2022-05-16
317850,대모,2019-07-24
290670,대보마그네틱,2018-11-06
078140,대봉엘에스,2005-12-23
001685,대상우,1989-11-21
001680,대상,1970-04-01
084695,대상홀딩스우,2005-08-17
084690,대상홀딩스,2005-08-17
036480,대성미생물,2000-04-04
128820,대성산업,2010-07-30
117580,대성에너지,2010-12-24
027830,대성창투,1999-11-30
104040,대성파인텍,2009-01-23
129920,대성하이텍,2022-08-22
016710,대성홀딩스,1999-12-22
438220,대신밸런스제13호스팩,2022-11-28
442310,대신밸런스제14호스팩,2022-12-05
457390,대신밸런스제15호스팩,2023-08-30
457630,대신밸런스제16호스팩,2023-09-04
020180,대신정보통신,1995-10-06
003545,대신증권우,1988-09-01
003547,대신증권2우B,2007-11-09
003540,대신증권,1975-10-01
045390,대아티아이,2001-05-17
009190,대양금속,1994-04-29
108380,대양전기공업,2011-07-08
006580,대양제지,1993-12-29
014160,대영포장,1990-03-06
047040,대우건설,2001-03-23
009320,대우부품,1989-08-25
003090,대웅,1973-06-26
069620,대웅제약,2002-11-01
007680,대원,2017-12-01
000430,대원강업,1977-06-22
048910,대원미디어,2001-07-31
005710,대원산업,1993-06-21
006345,대원전선우,1989-06-21
006340,대원전선,1988-05-04
003220,대원제약,1999-12-15
024890,대원화성,1997-10-28
290380,대유,2018-08-10
002880,대유에이텍,1977-02-18
290120,대유에이피,2018-12-07
000300,대유플러스,1975-06-09
120240,대정화금,2010-12-20
003310,대주산업,1992-08-01
114920,대주이엔티,2013-07-01
078600,대주전자재료,2004-12-10
015230,대창단조,1989-07-25
012800,대창,1989-12-05
096350,대창솔루션,2007-12-17
140520,대창스틸,2014-12-05
131220,대한과학,2011-10-11
010170,대한광통신,1994-11-07
054670,대한뉴팜,2002-02-26
001070,대한방직,1973-12-28
023910,대한약품,1994-11-23
006650,대한유화,1999-08-11
001440,대한전선,1968-12-27
084010,대한제강,2005-10-31
001795,대한제당우,1995-01-21
001790,대한제당,1968-12-27
001130,대한제분,1970-11-25
003495,대한항공우,1990-03-31
003490,대한항공,1966-03-18
005880,대한해운,1992-04-23
003830,대한화섬,1985-12-23
016090,대현,1990-09-20
069460,대호에이엘,2002-11-11
021040,대호특수강,1996-08-27
021045,대호특수강우,2001-09-13
067080,대화제약,2003-02-14
161570,THE MIDONG,2013-11-13
298540,더네이쳐홀딩스,2020-07-27
032860,더라미,1997-07-04
192080,더블유게임즈,2019-03-12
393890,더블유씨피,2022-09-30
299170,더블유에스아이,2018-09-21
089230,THE E&M,2006-10-10
012510,더존비즈온,1988-10-28
224060,더코디,2015-12-29
302920,더콘텐츠온,2018-08-13
213420,덕산네오룩스,2015-02-06
317330,덕산테코피아,2019-08-02
077360,덕산하이메탈,2005-10-14
004835,덕성우,1989-12-19
004830,덕성,1987-09-25
090410,덕신하우징,2014-08-01
024900,덕양산업,1997-06-23
263600,덕우전자,2017-08-28
194480,데브시스터즈,2014-10-06
263800,데이타솔루션,2017-08-03
199150,데이터스트림즈,2014-06-25
206560,덱스터,2015-12-22
261200,덴티스,2017-06-26
145720,덴티움,2017-03-15
227420,도부마스크,2016-12-28
067990,도이치모터스,2004-12-03
002150,도화엔지니어링,2010-08-12
006620,동구바이오제약,2018-02-13
005160,동국산업,1999-06-25
460850,동국씨엠,2023-06-16
075970,동국알앤에스,2004-02-13
100130,동국S&C,2009-08-31
460860,동국제강,2023-06-16
086450,동국제약,2007-05-29
001230,동국홀딩스,1988-05-09
004140,동방,1988-08-10
099410,동방선기,2009-11-10
007590,동방아그로,1977-06-29
005965,동부건설우,1990-06-21
005960,동부건설,1978-10-30
026960,동서,2016-07-15
002210,동성제약,1990-01-19
102260,동성케미컬,2008-06-23
033500,동성화인텍,1997-12-19
025950,동신건설,1995-08-07
000640,동아쏘시오홀딩스,1970-02-10
170900,동아에스티,2013-04-08
088130,동아엘텍,2007-01-03
028100,동아지질,2009-06-12
282690,동아타이어,2017-11-29
041930,동아화성,2001-12-26
001525,동양우,1989-09-30
001527,동양2우B,1999-01-28
084670,동양고속,2005-07-25
001520,동양,1976-06-25
082640,동양생명,2009-10-08
060380,동양에스텍,2002-02-05
079960,동양이엔피,2005-02-01
008970,동양철관,1977-03-05
228340,동양파일,2016-04-06
092780,동양피스톤,2017-12-08
088910,동우팜투테이블,2006-06-23
094170,동운아나텍,2015-06-30
049770,동원F&B,2000-11-23
013120,동원개발,1994-12-29
018500,동원금속,1995-11-10
006040,동원산업,1989-03-07
030720,동원수산,1996-11-22
014825,동원시스템즈우,1995-01-21
014820,동원시스템즈,1994-03-29
111380,동인기연,2023-11-21
163560,동일고무벨트,2012-10-19
109860,동일금속,2009-07-28
032960,동일기연,1997-07-18
004890,동일산업,2005-06-30
002690,동일제강,2015-09-24
023790,동일철강,1994-11-07
005290,동진쎄미켐,1999-12-21
025900,동화기업,1995-08-07
000020,동화약품,1976-03-24
000155,두산우,1986-07-31
000157,두산2우B,1999-12-03
454910,두산로보틱스,2023-10-05
241560,두산밥캣,2016-11-18
000150,두산,1973-06-29
034020,두산에너빌리티,2000-10-25
131970,두산테스나,2013-10-22
33626K,두산퓨얼셀1우,2019-10-18
33626L,두산퓨얼셀2우B,2019-10-18
336260,두산퓨얼셀,2019-10-18
016740,두올,2016-07-29
073190,듀오백,2004-02-06
176750,듀켐바이오,2014-12-29
030350,드래곤플라이,1997-11-10
203650,드림시큐리티,2014-10-13
223250,드림씨아이에스,2020-05-22
060570,드림어스컴퍼니,2003-12-19
192650,드림텍,2019-03-14
217620,디딤이앤에프,2015-06-10
016670,디모아,1993-04-21
187870,디바이스이엔지,2017-12-20
404950,DB금융스팩10호,2022-01-20
456440,DB금융스팩11호,2023-07-12
066670,디스플레이텍,2002-12-30
024090,디씨엠,1999-08-18
003160,디아이,1996-07-31
092200,디아이씨,2007-10-18
110990,디아이티,2018-08-07
004840,DRB동일,1976-05-21
263690,디알젬,2018-11-22
214680,디알텍,2015-04-20
377190,디앤디플랫폼리츠,2021-08-27
263720,디앤씨미디어,2017-08-01
376300,디어유,2021-11-10
241520,DSC인베스트먼트,2016-12-19
141020,디에스앤엘,2013-01-29
065150,DSEN,2007-07-18
109740,디에스케이,2009-09-23
025440,DH오토웨어,1995-05-22
196490,디에이테크놀로지,2014-11-19
066900,디에이피,2004-05-14
180400,DXVX,2015-11-20
127120,디엔에이링크,2011-12-26
092070,디엔에프,2007-11-16
007340,DN오토모티브,1988-09-24
068790,DMS,2004-10-01
039840,디오,2000-06-29
219550,디와이디,2015-07-22
013570,디와이,1989-05-30
310870,디와이씨,2018-12-20
210540,디와이파워,2015-01-15
104460,디와이피엔에프,2009-12-22
079810,디이엔티,2005-01-26
113810,디젠스,2012-11-22
043360,디지아이,2001-07-20
197140,디지캡,2018-09-07
068930,디지털대성,2003-10-17
033130,디지틀조선,1997-08-06
060900,DGP,2002-09-17
105740,디케이락,2010-11-12
263020,디케이앤디,2018-11-20
290550,디케이티,2018-12-21
187220,디티앤씨,2014-12-17
383930,디티앤씨알오,2022-11-11
163430,디피코,2018-05-16
131180,딜리,2011-01-31
315640,딥노이드,2021-08-17
317120,라닉스,2019-09-18
042510,라온시큐어,2001-01-03
232680,라온테크,2021-06-17
418420,라온텍,2023-03-09
300120,라온피플,2019-10-18
171120,라이온켐텍,2013-11-19
388790,라이콤,2021-09-03
069540,라이트론,2004-02-13
347700,라이프시맨틱스,2021-03-23
214260,라파스,2019-11-11
403360,라피치,2021-12-14
115390,락앤락,2010-01-28
200350,래몽래인,2021-12-30
171010,램테크놀러지,2013-11-18
084650,랩지노믹스,2014-12-16
217500,러셀,2015-06-16
092590,럭스피아,2015-10-30
141080,레고켐바이오,2013-05-10
038390,레드캡투어,2000-02-01
294140,레몬,2020-02-28
443250,레뷰코퍼레이션,2023-10-06
228670,레이,2019-08-08
228850,레이언스,2016-04-11
412350,레이저쎌,2022-06-24
281740,레이크머티리얼즈,2017-12-12
277810,레인보우로보틱스,2021-02-03
179720,렌딩머신,2013-07-01
215100,로보로보,2015-04-22
090360,로보스타,2011-10-17
238500,로보쓰리에이아이앤로보틱스,2016-04-20
108490,로보티즈,2018-10-26
900260,로스웰,2016-06-30
223220,로지스몬,2015-07-09
067730,로지시스,2015-07-29
071280,로체시스템즈,2003-11-14
032350,롯데관광개발,2006-06-08
089860,롯데렌탈,2021-08-19
330590,롯데리츠,2019-10-30
000400,롯데손해보험,1971-04-16
023530,롯데쇼핑,2006-02-09
020150,롯데에너지머티리얼즈,2011-03-04
280360,롯데웰푸드,2017-10-30
004000,롯데정밀화학,1976-04-15
286940,롯데정보통신,2018-07-27
00499K,롯데지주우,2017-10-30
004990,롯데지주,1974-02-16
005305,롯데칠성우,1989-09-21
005300,롯데칠성,1973-06-21
011170,롯데케미칼,1991-05-30
071840,롯데하이마트,2011-06-29
328130,루닛,2022-07-21
038060,루멘스,2006-08-08
162120,루켄테크놀러지스,2017-07-25
253610,루트락,2020-12-24
060240,룽투코리아,2002-01-04
058470,리노공업,2001-12-18
039980,리노스,2002-08-13
019570,리더스 기술투자,1989-03-14
016100,리더스코스메틱,2003-01-15
012700,리드코프,1996-01-19
302550,리메드,2019-12-06
073570,리튬포어스,2004-01-06
377450,리파인,2021-10-29
277070,린드먼아시아,2018-03-14
042500,링네트,2002-01-10
219420,링크제니시스,2018-02-05
439090,마녀공장,2023-06-08
027740,마니커,2002-10-29
195500,마니커에프앤지,2019-08-20
357430,마스턴프리미어리츠,2022-05-31
377480,마음AI,2021-11-23
305090,마이크로디지탈,2019-06-05
448780,마이크로엔엑스,2022-12-21
424980,마이크로투나노,2023-04-26
169330,엠브레인,2020-07-01
038290,마크로젠,2000-02-22
001080,만호제강,1977-06-18
267980,매일유업,2017-06-05
005990,매일홀딩스,1999-05-14
093520,매커스,2007-02-12
377030,맥스트,2021-07-27
088980,맥쿼리인프라,2006-03-15
100590,머큐리,2018-12-14
067280,멀티캠퍼스,2006-11-16
072870,메가스터디,2004-12-21
215200,메가스터디교육,2015-05-04
133750,메가엠디,2015-12-18
446540,메가터치,2023-11-09
235980,메드팩토,2019-12-19
200580,메디쎄이,2015-10-20
041920,메디아나,2014-10-07
233250,메디안디노스틱,2017-06-26
014100,메디앙스,1995-01-03
236340,메디젠휴먼케어,2016-01-26
054180,메디콕스,2001-10-16
086900,메디톡스,2009-01-16
078160,메디포스트,2005-07-29
065650,메디프론,2003-01-21
138040,메리츠금융지주,2011-05-13
408920,메쎄이상,2022-03-07
021880,메이슨캐피탈,1996-09-02
140410,메지온,2012-01-20
241770,메카로,2017-12-06
090370,메타랩스,2006-12-26
059210,메타바이오메드,2008-04-15
058110,멕아이씨에스,2015-12-14
017180,명문제약,2008-07-10
009900,명신산업,2020-12-07
012690,모나리자,1988-10-14
005360,모나미,1974-06-26
434480,모니터랩,2023-05-19
080420,모다이노칩,2005-12-06
417970,모델솔루션,2022-10-07
080160,모두투어,2005-07-26
204210,모두투어리츠,2016-09-22
087260,모바일어플라이언스,2017-02-24
101330,모베이스,2010-02-04
012860,모베이스전자,1994-10-26
363260,모비데이즈,2021-02-10
348030,모비릭스,2021-01-28
250060,모비스,2016-09-08
288980,모아데이타,2022-03-10
033200,모아텍,1997-10-13
333050,모코엠시스,2019-10-31
009680,모토닉,1994-01-14
118990,모트렉스,2017-08-04
006920,모헨즈,1989-01-05
038340,MIT,2001-11-22
001810,무림SP,2000-01-04
009200,무림페이퍼,1990-06-09
009580,무림P&P,1989-06-20
322970,무진메디,2020-06-24
033920,무학,2010-07-20
008420,문배철강,1994-11-05
279600,미디어젠,2019-11-05
095500,미래나노텍,2007-10-01
254490,미래반도체,2023-01-27
025560,미래산업,1996-11-22
218150,미래생명자원,2015-06-18
007120,미래아이앤지,1999-11-26
396690,미래에셋글로벌리츠,2021-12-03
442900,미래에셋드림스팩1호,2023-03-15
357250,미래에셋맵스리츠,2020-08-05
094800,맵스리얼티1,2007-04-09
100790,미래에셋벤처투자,2019-03-15
412930,미래에셋비전스팩1호,2022-04-21
446190,미래에셋비전스팩2호,2023-02-24
448830,미래에셋비전스팩3호,2023-04-07
085620,미래에셋생명,2015-07-08
006805,미래에셋증권우,1989-04-08
00680K,미래에셋증권2우B,2018-03-14
006800,미래에셋증권,1975-09-30
208890,미래엔에듀파트너,2014-12-18
049950,미래컴퍼니,2005-01-04
207760,미스터블루,2014-12-12
002840,미원상사,1989-09-25
268280,미원에스씨,2017-05-22
107590,미원홀딩스,2009-03-02
134380,미원화학,2011-02-15
351020,미쥬,2023-10-26
003650,미창석유,1989-09-27
059090,미코,2002-01-15
214610,미코바이오메드,2020-10-22
201490,미투온,2016-10-10
418470,밀리의서재,2023-09-27
206640,바디텍메드,2014-12-29
018700,바른손,1994-03-18
035620,바른손이앤에이,1999-08-13
354390,바스칸바이오제약,2022-07-20
053030,바이넥스,2001-08-07
301300,바이브컴퍼니,2020-10-28
377740,바이오노트,2022-12-22
064550,바이오니아,2005-12-29
314930,바이오다인,2021-03-17
208710,바이오로그디바이스,2014-12-24
086820,바이오솔루션,2018-08-20
038460,바이오스마트,2000-06-22
251120,바이오에프디엔씨,2022-02-21
199730,바이오인프라,2023-03-02
266470,바이오인프라생명과학,2020-07-22
289170,바이오텐,2023-10-13
086040,바이오톡스텍,2007-09-21
199290,바이오프로테크,2016-12-08
099430,바이오플러스,2021-09-27
032980,바이온,1997-08-06
222160,바이옵트로,2021-11-18
308080,바이젠셀,2021-08-25
043150,바텍,2006-09-29
323990,박셀바이오,2020-09-22
003610,방림,1989-05-30
267790,배럴,2018-02-01
001340,백광산업,1976-06-10
046310,백금T&A,2002-02-05
035150,백산,1999-08-11
331520,밸로프,2019-10-29
438700,버넥트,2023-07-26
066410,버킷스튜디오,2003-12-19
002410,범양건영,1988-05-25
382900,범한퓨얼셀,2022-06-17
206400,베노티앤알,2014-12-10
019010,베뉴지,1993-11-05
322190,베른,2020-12-29
177350,베셀,2015-06-19
299910,베스파,2018-12-03
424760,벨로크,2022-07-22
007210,벽산,1972-01-04
225530,보광산업,2015-12-17
250000,보라티알,2017-06-08
002760,보락,1989-11-30
003850,보령,1988-10-24
310210,보로노이,2022-06-24
006910,보성파워텍,1994-09-07
000890,보해양조,1988-09-23
226340,본느,2015-11-05
206950,볼빅,2015-12-30
008470,부스타,2011-02-23
003000,부광약품,1988-08-05
001275,부국증권우,1989-11-10
001270,부국증권,1988-07-19
026940,부국철강,2008-10-14
014470,부방,1994-02-25
011390,부산산업,1990-09-14
005030,부산주공,1975-12-26
338220,뷰노,2021-02-26
100120,뷰웍스,2009-04-10
406820,뷰티스킨,2023-07-24
337930,브랜드엑스코퍼레이션,2020-08-13
099390,브레인즈컴퍼니,2021-08-19
064480,브리지텍,2008-06-04
288330,브릿지바이오테라퓨틱스,2019-12-20
365900,브이씨,2022-02-24
251630,브이원텍,2017-07-13
018290,브이티,1994-09-07
044480,블레이드 Ent,2001-01-11
439580,블루엠텍,2023-12-13
033560,블루콤,2011-01-26
191600,블루탑,2016-08-05
369370,블리츠웨이,2020-12-23
126340,비나텍,2020-09-23
121800,비덴트,2011-12-01
148140,비디아이,2017-11-09
082800,비보존 제약,2005-11-18
318410,비비씨,2020-09-21
002070,비비안,1976-07-13
100220,비상교육,2008-06-30
419540,비스토스,2022-10-18
146320,비씨엔씨,2022-03-03
200780,비씨월드제약,2014-12-15
413640,비아이매트릭스,2023-11-09
141000,비아트론,2012-05-04
090460,비에이치,2023-06-20
083650,비에이치아이,2005-12-02
445360,비엔케이제1호스팩,2022-12-22
142760,비엘,2016-07-07
065170,비엘팜텍,2002-11-19
086220,비엘헬스케어,2015-07-09
086670,비엠티,2007-11-02
335890,비올,2019-12-03
230980,비유테크놀러지,2016-03-02
138580,비즈니스온,2017-11-30
126600,BGF에코머티리얼즈,2010-11-12
082920,비츠로셀,2009-10-28
054220,비츠로시스,2001-12-26
042370,비츠로테크,2000-08-03
030790,비케이탑스,2010-11-02
050090,비케이홀딩스,2004-06-29
307870,비투엔,2018-12-12
357880,비트나인,2021-11-10
032850,비트컴퓨터,1997-07-04
148780,비플라이소프트,2022-06-20
238200,비피도,2018-12-26
093190,빅솔론,2007-08-20
065450,빅텍,2003-02-05
210120,빅텐츠,2023-08-17
005180,빙그레,1978-08-31
072950,빛샘전자,2012-03-21
266170,뿌리깊은나무들,2017-06-09
143240,사람인,2012-02-21
003960,사조대림,1976-09-16
008040,사조동아원,1989-06-24
007160,사조산업,1989-07-25
014710,사조씨푸드,2012-06-29
006090,사조오양,1986-12-24
419120,산돌,2022-10-27
122350,삼기,2010-03-19
419050,삼기이브이,2023-02-03
014970,삼륭물산,1992-12-29
018310,삼목에스폼,1996-05-03
012210,삼미금속,2023-05-16
053700,삼보모터스,2001-11-06
009620,삼보산업,1993-12-07
023600,삼보판지,1996-05-29
001470,삼부토건,1976-06-26
448730,삼성FN리츠,2023-04-10
006405,삼성SDI우,1989-11-24
006400,삼성SDI,1979-02-27
006660,삼성공조,1987-11-28
377630,삼성스팩4호,2021-05-21
425290,삼성스팩6호,2022-06-30
439250,삼성스팩7호,2022-10-26
448740,삼성스팩8호,2023-03-02
468510,삼성스팩9호,2023-12-04
380320,삼성머스트스팩5호,2021-06-17
02826K,삼성물산우B,2015-09-15
028260,삼성물산,2014-12-18
207940,삼성바이오로직스,2016-11-10
032830,삼성생명,2010-05-12
018260,삼성에스디에스,2014-11-14
028050,삼성엔지니어링,1996-12-24
009155,삼성전기우,1989-10-10
009150,삼성전기,1979-02-27
005935,삼성전자우,1989-09-25
005930,삼성전자,1975-06-11
001360,삼성제약,1975-07-04
010140,삼성중공업,1994-01-28
016360,삼성증권,1988-03-28
068290,삼성출판사,2002-08-05
029780,삼성카드,2007-06-27
000815,삼성화재우,1990-04-10
000810,삼성화재,1975-06-30
006110,삼아알미늄,1980-12-05
009300,삼아제약,2000-07-19
145995,삼양사우,2011-12-05
145990,삼양사,2011-12-05
003230,삼양식품,1975-06-30
225190,삼양옵틱스,2017-06-02
002170,삼양통상,1989-11-10
272550,삼양패키징,2017-11-29
000075,삼양홀딩스우,1992-02-21
000070,삼양홀딩스,1968-12-27
060310,3S,2002-04-23
002810,삼영무역,1988-03-28
003720,삼영,1976-06-30
361670,삼영에스앤씨,2021-05-21
054540,삼영엠텍,2001-11-15
065570,삼영이엔씨,2003-01-21
005680,삼영전자,1976-12-28
023000,삼원강재,2011-07-22
004380,삼익THK,1989-09-26
002450,삼익악기,1988-09-30
032280,삼일,1997-03-15
002290,삼일기업공사,1992-11-30
004440,삼일씨엔에스,2016-03-30
000520,삼일제약,1985-05-29
009770,삼정펄프,2006-10-17
037460,삼지전자,1999-12-16
032750,삼진,1997-07-14
054090,삼진엘앤디,2004-02-06
005500,삼진제약,1988-06-18
000250,삼천당제약,2000-10-04
004690,삼천리,1976-12-23
024950,삼천리자전거,1995-01-04
038500,삼표시멘트,2001-02-01
017480,삼현철강,2001-01-09
010960,삼호개발,2005-05-12
046390,삼화네트웍스,2001-01-11
004450,삼화왕관,1976-05-28
009470,삼화전기,1986-11-24
011230,삼화전자,1987-05-25
001820,삼화콘덴서,1976-06-26
000390,삼화페인트,1993-09-10
027580,상보,2007-10-01
038540,상상인,2000-08-18
101000,상상인인더스트리,2009-11-06
415580,상상인제3호스팩,2022-04-29
452670,상상인제4호스팩,2023-09-14
001290,상상인증권,1988-09-23
041650,상신브레이크,2004-10-27
091580,상신이디피,2007-05-23
263810,상신전자,2017-10-16
089980,상아프론테크,2011-07-21
042940,상지카일룸,2000-10-19
042600,새로닉스,2002-10-01
075180,새론오토모티브,2005-10-21
107600,새빗켐,2022-08-04
411080,샌즈랩,2023-02-15
252990,샘씨엔에스,2021-05-20
007540,샘표,1976-06-29
248170,샘표식품,2016-08-09
378800,샤페론,2022-10-19
294630,서남,2020-02-20
038070,서린바이오,2005-10-25
006730,서부T&D,1995-10-06
079650,서산,2005-01-21
100660,서암기계공업,2011-12-19
007860,서연,1989-09-09
200880,서연이화,2014-08-08
019770,서연탑메탈,2011-06-24
017390,서울가스,1995-08-18
043710,서울리거,2002-07-11
092190,서울바이오시스,2020-03-06
046890,서울반도체,2002-01-17
004415,서울식품우,1989-05-22
004410,서울식품,1973-12-28
063170,서울옥션,2008-07-01
027040,서울전자통신,1999-12-03
018680,서울제약,2000-08-18
021050,서원,1996-01-30
093920,서원인텍,2007-12-20
189860,서전기전,2014-12-24
178320,서진시스템,2017-03-27
122690,서진오토모티브,2010-05-25
140070,서플러스글로벌,2017-01-25
011370,서한,1994-05-24
065710,서호전기,2002-07-16
008490,서흥,1990-03-27
035890,서희건설,1999-12-24
357550,석경에이티,2020-12-23
003100,선광,1999-12-21
007610,선도전기,1989-11-30
067370,선바이오,2022-10-05
002820,SUN&L,1976-05-22
171090,선익시스템,2017-09-20
136490,선진,2011-02-16
086710,선진뷰티사이언스,2021-01-27
014620,성광벤드,2001-01-11
037350,성도이엔지,2000-01-11
014915,성문전자우,1990-03-24
014910,성문전자,1990-03-24
003080,성보화학,1976-12-23
004985,성신양회우,1988-12-21
004980,성신양회,1976-06-30
011300,성안,1995-11-10
081580,성우전자,2007-10-12
045300,성우테크론,2001-12-18
015750,성우하이텍,1995-11-04
365340,성일하이텍,2022-07-28
000180,성창기업지주,1976-06-02
080470,성창오토텍,2006-11-03
043260,성호전자,2001-11-29
148150,세경하이테크,2019-07-30
002420,세기상사,1968-12-27
188260,세니젠,2023-11-03
053060,세동,2001-08-17
340440,세림B&G,2019-12-27
017510,세명전기,1991-12-26
004365,세방우,1989-10-21
004360,세방,1977-05-19
004490,세방전지,1987-11-28
011560,세보엠이씨,1996-12-23
396300,세아메카닉스,2022-03-24
001430,세아베스틸지주,1991-03-12
306200,세아제강,2018-10-05
003030,세아제강지주,1969-05-13
019440,세아특수강,2011-06-01
058650,세아홀딩스,2001-07-30
013000,세우글로벌,1989-09-05
100700,세운메디칼,2008-09-30
024830,세원물산,1994-12-29
091090,세원이앤씨,2006-07-31
021820,세원정공,1996-07-03
067830,세이브존I&C,2002-07-25
033530,세종공업,2002-09-25
258830,세종메디칼,2018-05-29
036630,세종텔레콤,2000-01-04
039310,세중,2000-06-09
075580,세진중공업,2015-11-30
067770,세진티에스,2004-01-09
053450,세코닉스,2001-08-09
222810,세토피아,2015-08-13
252500,세화피앤씨,2016-11-02
321370,센서뷰,2023-07-19
347000,센코,2020-10-29
331920,셀레믹스,2020-08-21
049180,셀루메드,2002-05-23
299660,셀리드,2019-02-20
268600,셀리버리,2018-11-09
108860,셀바스AI,2009-12-10
208370,셀바스헬스케어,2014-12-17
318160,셀바이오휴먼텍,2023-04-20
258250,셀젠텍,2016-12-13
068270,셀트리온,2018-02-09
068760,셀트리온제약,2006-02-03
091990,셀트리온헬스케어,2017-07-28
068940,셀피글로벌,2010-10-19
060230,소니드,2002-06-25
290690,소룩스,2020-11-06
950200,소마젠,2020-07-13
032680,소프트센,1997-07-18
032685,소프트센우,2002-04-16
258790,소프트캠프,2017-04-27
066910,손오공,2005-01-07
043100,솔고바이오,2000-08-08
33637K,솔루스첨단소재1우,2019-10-18
33637L,솔루스첨단소재2우B,2019-10-18
336370,솔루스첨단소재,2019-10-18
248070,솔루엠,2021-02-02
035610,솔본,1999-08-13
357780,솔브레인,2020-08-06
036830,솔브레인홀딩스,2000-01-18
304100,솔트룩스,2020-07-23
328380,솔트웨어,2019-08-20
004430,송원산업,1977-06-25
086980,쇼박스,2006-07-07
050960,수산아이앤티,2016-10-11
126720,수산인더스트리,2022-08-01
017550,수산중공업,1991-08-30
084180,수성샐바시온,2005-12-16
253840,수젠텍,2019-05-28
298830,슈어소프트테크,2023-04-28
236200,슈프리마,2016-02-05
094840,슈프리마에이치큐,2008-07-11
192440,슈피겐코리아,2014-11-05
424960,스마트레이더시스템,2023-08-22
136510,스마트솔루션즈,2011-11-18
099440,스맥,2009-05-26
033790,스카이문스테크놀로지,2001-06-26
276040,스코넥,2022-02-04
159910,스킨앤스킨,2012-12-27
115570,스타플렉스,2010-01-27
330730,스톤브릿지벤처스,2022-02-25
352090,스톰테크,2023-11-20
204630,스튜디오산타클로스,2014-12-29
253450,스튜디오드래곤,2017-11-24
408900,스튜디오미르,2023-02-07
026890,스틱인베스트먼트,1997-11-25
013810,스페코,1997-11-03
203690,스피어파워,2014-09-30
049830,승일,2001-01-18
020710,시공테크,1999-08-13
033170,시그네틱스,2010-11-26
048870,시너지이노베이션,2004-08-13
025320,시노펙스,1995-04-20
134790,시디즈,2011-01-25
269620,시스웍,2017-12-26
000480,CR홀딩스,1978-06-30
429270,시지트로닉스,2023-08-03
418250,시큐레터,2023-08-24
131090,시큐브,2011-12-21
232830,시큐센,2023-06-29
139050,시티랩스,2011-07-29
016590,신대양제지,1995-12-21
290520,신도기연,2020-07-06
029530,신도리코,1996-12-24
004970,신라교역,1976-06-30
001000,신라섬유,1994-06-28
025870,신라에스지,1995-07-07
215600,신라젠,2016-12-06
065350,신성델타테크,2004-08-06
416180,신성에스티,2023-10-19
011930,신성이엔지,1996-07-31
005390,신성통상,1975-12-22
034300,신세계건설,2002-06-17
004170,신세계,1985-08-19
035510,신세계 I&C,2006-05-18
031430,신세계인터내셔날,2011-07-14
031440,신세계푸드,2010-04-29
006880,신송홀딩스,2013-11-21
162300,신스틸,2022-12-23
290560,신시웨이,2023-11-03
002800,신신제약,2017-02-28
005800,신영와코루,1976-12-28
001725,신영증권우,1988-08-16
001720,신영증권,1987-08-24
419270,신영스팩7호,2022-04-28
430220,신영스팩8호,2022-08-26
445970,신영스팩9호,2022-12-27
009270,신원,1988-08-24
017000,신원종합개발,1994-12-07
002700,신일전자,1975-09-30
012790,신일제약,1999-08-13
138070,신진에스엠,2011-11-28
226330,신테카바이오,2019-12-17
002870,신풍,1976-06-30
019175,신풍제약우,1990-01-20
019170,신풍제약,1990-01-20
055550,신한지주,2001-09-10
404990,신한서부티엔디리츠,2021-12-10
293940,신한알파리츠,2018-08-08
418210,신한제10호스팩,2022-07-29
452980,신한제11호스팩,2023-10-04
393360,신한제8호스팩,2021-09-27
405640,신한제9호스팩,2022-04-27
056700,신화인터텍,2001-12-13
187270,신화콘텍,2014-08-08
004080,신흥,1991-02-08
243840,신흥에스이씨,2017-09-27
257720,실리콘투,2021-09-29
222800,심텍,2015-08-07
036710,심텍홀딩스,2000-01-04
160980,싸이맥스,2015-06-17
356890,싸이버원,2021-03-11
217330,싸이토젠,2018-11-22
102280,쌍방울,2008-06-10
003410,쌍용C&E,1975-05-03
010280,쌍용정보통신,2000-04-14
004770,써니전자,1987-04-22
217320,썬테크,2015-04-29
208640,썸에이지,2014-12-29
222420,쎄노텍,2015-08-06
037760,쎄니트,2000-04-07
099320,쎄트렉아이,2008-06-13
049960,쎌바이오텍,2002-12-13
088280,쏘닉스,2023-11-07
403550,쏘카,2022-08-22
050890,쏠리드,2005-07-08
013720,CBI,1993-12-29
109670,씨싸이트,2023-12-21
066790,씨씨에스,2003-05-30
222080,씨아이에스,2015-09-02
004920,씨아이테크,1989-11-30
236030,씨알푸드,2017-12-14
103660,씨앗,2015-06-22
352480,씨앤씨인터내셔널,2021-05-17
245450,씨앤에스링크,2016-06-24
023460,CNH,1994-10-07
264660,씨앤지하이테크,2018-01-25
352700,씨앤투스,2021-01-28
056730,CNT85,2002-01-04
065770,CS,2004-06-04
297090,씨에스베어링,2019-11-21
083660,CSA 코스믹,2006-07-25
112610,씨에스윈드,2014-11-27
900120,씨엑스아이,2010-03-31
359090,씨엔알리서치,2020-09-23
286000,씨엔티드림,2020-12-11
115530,씨엔플러스,2011-11-02
115480,씨유메디칼,2011-12-15
340810,씨유박스,2023-05-19
376290,씨유테크,2021-10-08
189330,씨이랩,2021-02-24
000120,CJ대한통운,1956-07-02
311690,CJ 바이오사이언스,2019-12-26
079160,CJ CGV,2004-12-24
035760,CJ ENM,1999-11-23
097955,CJ제일제당 우,2007-09-28
097950,CJ제일제당,2007-09-28
051500,CJ프레시웨이,2001-07-26
096530,씨젠,2010-09-10
083790,CG인바이츠,2006-01-06
101240,씨큐브,2011-11-08
060590,씨티씨바이오,2002-02-21
308170,씨티알모빌리티,2019-11-25
260930,씨티케이,2017-12-07
052300,씨티프라퍼티,2001-08-02
013990,아가방컴퍼니,2002-01-17
123860,아나패스,2010-11-05
025980,아난티,1996-01-06
008700,아남전자,1984-08-11
058220,아리온,2005-08-05
125210,아모그린텍,2019-03-29
002795,아모레G우,1989-06-30
00279K,아모레G3우(전환),2019-12-26
002790,아모레G,1973-04-30
090435,아모레퍼시픽우,2006-06-29
090430,아모레퍼시픽,2006-06-29
052710,아모텍,2003-08-01
074430,아미노로직스,2004-06-04
092040,아미코젠,2013-09-12
083930,아바코,2005-10-11
149950,아바텍,2012-11-06
036010,아비코전자,2002-07-03
002030,아세아,1974-06-03
183190,아세아시멘트,2013-11-06
002310,아세아제지,1988-12-15
050860,아세아텍,2010-01-26
012170,아센디오,1989-12-20
136410,아셈스,2022-02-07
246720,아스타,2017-03-20
067390,아스트,2014-12-24
159010,아스플로,2021-10-07
127710,아시아경제,2015-07-31
267850,아시아나IDT,2018-11-23
020560,아시아나항공,2008-03-28
227610,아우딘퓨쳐스,2017-07-12
143160,아이디스,2011-09-26
054800,아이디스홀딩스,2001-09-27
332370,아이디피,2020-08-24
122900,아이마켓코리아,2010-07-30
339950,아이비김영,2019-12-24
426550,IBKS제19호스팩,2022-08-26
439730,IBKS제20호스팩,2022-10-28
442770,IBKS제21호스팩,2022-12-16
448760,IBKS제22호스팩,2023-04-06
099190,아이센스,2013-01-30
289010,아이스크림에듀,2019-07-11
214430,아이쓰리시스템,2015-07-30
040910,아이씨디,2011-08-05
368600,아이씨에이치,2022-07-29
052860,아이앤씨,2009-10-06
010780,아이에스동서,1986-01-27
095340,ISC,2007-10-01
069920,아이에스이커머스,2007-12-05
038880,아이에이,2000-04-27
307180,아이엘사이언스,2018-12-21
101390,아이엠,2008-07-23
052220,iMBC,2005-01-21
456570,아이엠지티,2023-07-19
451220,아이엠티,2023-10-10
447690,아이오바이오,2022-12-28
078860,아이오케이,2006-06-27
090150,아이윈,2006-10-20
123010,아이윈플러스,2016-07-20
031310,아이즈비전,1997-07-25
185490,아이진,2015-11-16
059100,아이컴포넌트,2008-12-16
149010,아이케이세미콘,2014-11-14
262840,아이퀘스트,2021-02-05
175250,아이큐어,2018-07-12
052460,아이크래프트,2005-01-03
119830,아이텍,2010-10-26
052770,아이톡시,2002-08-22
124500,아이티센,2014-12-23
372800,아이티아이즈,2021-11-11
099520,ITX-AI,2009-12-22
084850,아이티엠반도체,2019-11-07
114840,아이패밀리에스씨,2021-10-28
139990,아주스틸,2021-08-20
027360,아주IB투자,2018-11-21
032080,아즈텍WB,2000-10-26
013310,아진산업,2015-12-22
059120,아진엑스텍,2014-07-24
158430,아톤,2019-10-17
149300,아퓨어스,2019-09-03
067160,아프리카TV,2003-12-19
102950,아하,2022-11-30
001540,안국약품,2000-06-15
053800,안랩,2001-09-13
251280,안지오랩,2016-10-25
065660,안트로젠,2016-02-15
297570,알로이스,2018-07-20
001780,알루코,2007-06-07
260660,알리코제약,2018-02-12
354320,알멕,2023-06-30
361570,알비더블유,2021-11-22
131370,알서포트,2011-01-05
140670,알에스오토메이션,2017-08-11
327260,RF머트리얼즈,2019-12-24
096610,알에프세미,2007-11-20
218410,RFHIC,2015-06-30
061040,알에프텍,2002-05-16
148250,알엔투테크놀로지,2016-06-22
347860,알체라,2020-12-21
196170,알테오젠,2014-12-12
123750,알톤스포츠,2010-07-02
085810,알티캐스트,2013-12-06
117670,알파홀딩스,2010-09-17
314140,알피바이오,2022-09-29
291650,압타머사이언스,2020-09-16
293780,압타바이오,2019-06-12
018250,애경산업,2018-03-22
161000,애경케미칼,2012-09-17
390110,애니메디솔루션,2022-12-21
196300,애니젠,2016-12-07
310200,애니플러스,2018-12-21
179530,애드바이오텍,2022-01-24
900100,애머릿지,2010-04-21
205500,액션스퀘어,2014-11-12
052790,액토즈소프트,2001-08-14
290740,액트로,2018-08-28
238090,앤디포스,2016-10-12
092600,앤씨앤,2007-06-26
129890,앱코,2020-12-02
174900,앱클론,2017-09-18
255440,야스,2017-09-29
030960,양지사,1996-10-24
102120,어보브반도체,2009-06-05
263540,어스앤에어로스페이스,2017-09-15
238120,얼라인드,2016-11-03
224810,엄지하우스,2015-10-21
019990,에너토크,2006-02-01
011090,에넥스,1995-07-08
270660,에브리봇,2021-07-28
038680,에스넷,2000-04-27
137310,에스디바이오센서,2021-07-16
217480,에스디생명공학,2017-03-02
121890,에스디시스템,2010-07-16
099220,SDN,2009-05-19
118000,에스메디,2009-12-30
304360,에스바이오메딕스,2023-05-04
289080,SV인베스트먼트,2018-07-06
151910,SBW생명과학,2012-08-02
389500,에스비비테크,2022-10-17
019550,SBI인베스트먼트,1989-09-06
034120,SBS,2003-06-25
042110,에스씨디,2000-07-13
036120,SCI평가정보,1999-12-07
298060,에스씨엠생명과학,2020-06-17
065420,에스아이리소스,2002-08-22
270210,에스알바이오텍,2017-06-15
103230,에스앤더블류,2009-08-05
260970,에스앤디,2021-09-29
101490,에스앤에스텍,2009-04-14
095910,에스에너지,2007-10-16
275630,에스에스알,2018-08-06
419530,SAMG엔터,2022-12-06
031330,에스에이엠티,2000-05-23
351320,에스에이티이엔지,2020-06-22
060540,에스에이티,2006-11-28
056190,에스에프에이,2001-12-18
036540,SFA반도체,2001-05-02
080000,에스엔유,2005-01-25
091340,S&K폴리텍,2007-07-30
005850,에스엘,1988-11-08
214310,에스엘에너지,2015-06-25
246250,에스엘에스바이오,2023-10-20
258540,에스엘테라퓨틱스,2016-11-29
063440,SM Life Design,2002-05-30
010580,에스엠벡셀,1994-12-27
299670,에스엠비나,2018-06-25
041510,에스엠,2000-04-27
048550,SM C&C,2001-01-18
007820,에스엠코어,2011-11-08
109610,에스와이,2015-12-29
365330,에스와이스틸텍,2023-11-13
012750,에스원,1996-01-30
031860,에스유홀딩스,1997-01-07
306040,에스제이그룹,2019-11-18
217910,에스제이켐,2018-04-27
004060,SG세계물산,1976-04-19
016250,SGC이테크건설,1999-12-28
049470,SGA,2001-10-11
184230,SGA솔루션즈,2013-12-20
040610,SG&G,2000-04-27
255220,SG,2018-01-26
006125,SK디스커버리우,1989-11-24
006120,SK디스커버리,1976-06-29
068400,SK렌터카,2012-07-27
302440,SK바이오사이언스,2021-03-18
326030,SK바이오팜,2020-07-02
224020,에스케이씨에스,2016-07-25
457940,에스케이증권제10호스팩,2023-08-11
435870,에스케이증권제8호스팩,2022-10-06
455910,에스케이증권제9호스팩,2023-07-21
000660,SK하이닉스,1996-12-26
096630,에스코넥,2007-12-26
069510,에스텍,2003-11-14
041910,에스텍파마,2004-02-06
234300,에스트래픽,2017-12-05
039440,에스티아이,2002-02-28
098660,에스티오,2009-04-17
052020,에스티큐브,2001-07-05
237690,에스티팜,2016-06-23
050760,에스폴리텍,2002-05-16
288620,에스퓨얼셀,2018-10-15
317830,에스피시스템스,2019-08-14
058610,에스피지,2002-07-23
043340,에쎈테크,2000-08-29
023960,에쓰씨엔지니어링,1997-06-23
298690,에어부산,2018-12-27
187660,에이디엠코리아,2021-06-03
054630,에이디칩스,2001-11-13
200710,에이디테크놀로지,2014-12-16
096690,에이루트,2010-12-01
078520,에이블씨엔씨,2011-09-07
298380,에이비엘바이오,2018-12-19
203400,에이비온,2021-09-08
195990,에이비프로바이오,2015-04-13
003800,에이스침대,1996-05-03
088800,에이스테크,2006-03-27
241840,에이스토리,2019-07-19
311960,에이아이더뉴트리진,2022-11-29
453860,에이에스텍,2023-11-28
312610,에이에프더블류,2019-07-01
015260,에이엔피,1988-01-18
172670,에이엘티,2023-07-27
234070,에이원알폼,2015-12-21
140910,에이리츠,2011-07-14
445090,에이직랜드,2023-11-13
039570,HDC랩스,2015-09-24
089470,HDC현대EP,2006-09-25
009540,HD한국조선해양,1999-08-24
267270,HD현대건설기계,2017-05-10
267250,HD현대,2017-05-10
322000,HD현대에너지솔루션,2019-11-19
042670,HD현대인프라코어,2001-02-02
267260,HD현대일렉트릭,2017-05-10
329180,HD현대중공업,2021-09-17
297890,HB솔루션,2020-06-22
078150,HB테크놀러지,2004-12-08
072990,에이치시티,2016-10-17
036640,HRS,2000-05-30
227100,에이치앤비디자인,2018-11-15
082740,HSD엔진,2011-01-04
044990,에이치엔에스하이텍,2015-12-10
028300,HLB,1996-07-27
003580,HLB글로벌,1990-03-23
278650,HLB바이오스텝,2019-11-27
343090,HLB사이언스,2020-04-24
067630,HLB생명과학,2008-11-25
047920,HLB제약,2015-12-21
115450,HLB테라퓨틱스,2010-03-26
046210,HLB파나진,2000-08-16
239610,에이치엘사이언스,2016-10-28
462020,에이치엠씨제6호스팩,2023-10-13
011200,HMM,1995-10-05
148930,에이치와이티씨,2022-08-09
044780,에이치케이,2000-09-07
195940,HK이노엔,2021-08-09
403870,HPSP,2022-07-15
357230,에이치피오,2021-05-14
355690,에이텀,2023-12-01
071670,에이테크솔루션,2009-04-17
045660,에이텍,2001-05-24
224110,에이텍모빌리티,2015-08-25
021080,에이티넘인베스트,1991-07-12
089530,에이티세미콘,2011-11-11
200470,에이팩트,2014-12-26
207490,에이펙스인텍,2018-11-28
262260,에이프로,2020-07-16
003060,에이프로젠바이오로직스,1984-10-19
007460,에이프로젠,1995-07-08
109960,에이프로젠 H&G,2009-11-13
397030,에이프릴바이오,2022-07-28
244920,에이플러스에셋,2020-11-20
265520,AP시스템,2017-04-07
054620,APS,2001-12-04
211270,AP위성,2016-03-04
089970,에이피티씨,2018-08-23
230240,에치에프알,2015-12-16
230360,에코마케팅,2016-08-08
038870,에코바이오,2001-05-29
097780,에코볼트,2008-01-23
448280,에코아이,2023-11-21
101360,에코앤드림,2020-07-30
128540,에코캡,2018-12-05
086520,에코프로,2007-07-20
450080,에코프로머티,2023-11-17
247540,에코프로비엠,2019-03-05
383310,에코프로에이치엔,2021-05-28
038110,에코플라스틱,2000-03-23
073540,에프알텍,2007-05-18
064850,에프앤가이드,2020-12-17
214270,FSN,2015-03-25
036810,에프에스티,2000-01-18
173940,에프엔씨엔터,2014-12-04
083500,에프엔에스테크,2017-02-27
446440,에피바이오텍,2023-07-31
054940,엑사이엔씨,2001-12-13
043090,엑서지21,2001-10-11
950130,엑세스바이오,2013-05-30
205100,엑셈,2014-11-07
356680,엑스게이트,2023-03-16
070300,엑스큐어,2010-06-09
317770,엑스페릭스,2019-08-01
092870,엑시콘,2015-10-22
317870,엔바이오니아,2019-10-24
067570,엔브이에이치코리아,2013-12-03
236810,엔비티,2021-01-21
140610,엔솔바이오사이언스,2018-09-10
333620,엔시스,2021-04-01
101400,엔시트론,2009-03-31
036570,엔씨소프트,2003-05-22
238170,엔에스엠,2019-12-26
224760,엔에스컴퍼니,2015-07-31
380440,엔에이치스팩19호,2021-05-21
391060,엔에이치스팩20호,2021-10-05
422040,엔에이치스팩23호,2022-06-28
437780,엔에이치스팩24호,2022-10-20
438580,엔에이치스팩25호,2022-11-03
439410,엔에이치스팩26호,2022-12-01
440820,엔에이치스팩27호,2022-12-16
451700,엔에이치스팩29호,2023-06-23
466910,엔에이치스팩30호,2023-12-01
104200,NHN벅스,2009-10-06
060250,NHN KCP,2002-01-08
400760,NH올원리츠,2021-11-18
005945,NH투자증권우,1988-09-13
005940,NH투자증권,1975-09-30
265740,엔에프씨,2020-12-02
053290,NE능률,2002-12-10
354200,엔젠바이오,2020-12-10
419080,엔젯,2022-11-18
093510,엔지브이아이,2019-09-30
208860,엔지스테크널러지,2016-07-28
183490,엔지켐생명과학,2018-02-21
085310,엔케이,2008-01-24
182400,엔케이맥스,2015-10-23
348370,엔켐,2021-11-01
058450,엔터파트너즈,2002-01-17
069410,엔텔스,2007-06-20
227950,엔투텍,2015-11-18
291230,엔피,2018-09-13
198080,엔피디,2020-03-16
048830,엔피케이,2000-10-12
096870,엘디티,2008-05-02
276240,엘리비젼,2018-07-05
900140,엘브이엠씨홀딩스,2010-11-30
376190,LB루셈,2021-06-11
061970,LB세미콘,2011-01-31
309960,LB인베스트먼트,2023-03-29
290650,엘앤씨바이오,2018-11-01
066970,엘앤에프,2003-01-02
156100,엘앤케이바이오,2016-11-30
060370,LS마린솔루션,2002-02-15
417200,LS머트리얼즈,2023-12-12
229640,LS전선아시아,2016-09-22
311060,엘에이티,2018-12-28
108675,LX하우시스우,2009-04-20
108670,LX하우시스,2009-04-20
38380K,LX홀딩스1우,2021-05-27
383800,LX홀딩스,2021-05-27
073110,엘엠에스,2007-10-12
083310,엘오티베큠,2005-10-05
037560,LG헬로비전,2012-11-09
037950,엘컴텍,2000-08-24
170920,엘티씨,2013-10-08
058630,엠게임,2008-12-19
058970,엠로,2021-08-13
019590,엠벤처투자,1989-03-14
097520,엠씨넥스,2021-07-06
373170,엠아이큐브솔루션,2023-08-04
179290,엠아이텍,2018-11-29
009780,엠에스씨,1993-10-12
123040,엠에스오토텍,2010-08-06
323230,엠에프엠코리아,2019-06-19
032790,엠젠솔루션,1997-06-26
033160,엠케이전자,1997-11-10
347890,엠투아이,2020-07-29
033310,엠투엔,1997-11-10
259630,엠플러스,2017-09-20
115960,연우,2015-11-02
060850,영림원소프트랩,2020-08-12
014440,영보화학,1997-08-27
143540,영우디에스피,2014-10-29
111770,영원무역,2009-07-30
009970,영원무역홀딩스,1988-11-07
003520,영진약품,1973-06-25
000670,영풍,1976-06-12
036560,영풍정밀,1999-12-28
006740,영풍제지,1996-07-03
012280,영화금속,1990-01-25
265560,영화테크,2017-10-26
012160,영흥,2010-01-25
036000,예림당,1999-11-30
250930,예선테크,2016-09-29
053280,예스24,2008-05-07
015360,예스코홀딩스,1996-12-24
122640,예스티,2015-12-16
900300,오가닉티코스메틱,2016-11-04
045060,오공,2000-08-10
080520,오디텍,2007-10-08
007310,오뚜기,1994-08-12
039830,오로라,2001-01-03
322310,오로스테크놀로지,2021-02-24
046120,오르비텍,2010-06-15
014940,오리엔탈정공,2001-12-26
002630,오리엔트바이오,1976-12-28
065500,오리엔트정공,2002-09-19
271560,오리온,2017-07-07
001800,오리온홀딩스,1975-06-27
010470,오리콤,2000-10-24
417860,오브젠,2023-01-30
352910,오비고,2021-07-13
053980,오상자이엘,2002-04-09
052420,오성첨단소재,2001-08-07
241790,오션브릿지,2016-12-01
039200,오스코텍,2007-01-17
031510,오스템,1997-02-12
010060,OCI홀딩스,1985-07-09
368970,오에스피,2022-10-14
138080,오이솔루션,2014-02-27
080580,오킨스전자,2014-12-24
067170,오텍,2003-11-14
353590,오토앤,2022-01-20
173130,오파스넷,2018-08-24
049480,오픈베이스,2001-01-09
394280,오픈엣지테크놀로지,2022-09-26
309930,오하임앤컴퍼니,2018-12-20
244460,올리패스,2019-09-20
226950,올릭스,2018-07-18
057540,옴니시스템,2007-09-19
131030,옵투스제약,2010-12-03
082210,옵트론텍,2005-06-24
109080,옵티시스,2011-07-12
380540,옵티코어,2022-12-29
153710,옵티팜,2018-10-26
051390,YW,2001-11-15
321820,와이더플래닛,2021-02-03
432430,와이랩,2023-07-20
338840,와이바이오로직스,2023-12-05
057030,YBM넷,2004-06-08
122990,와이솔,2010-09-10
112290,와이씨켐,2022-07-14
232140,와이아이케이,2015-12-24
065530,와이어블,2002-06-04
067900,와이엔텍,2005-12-23
007530,와이엠,1994-08-05
155650,와이엠씨,2012-11-15
273640,와이엠텍,2021-09-10
251370,와이엠티,2017-04-27
066430,와이오엠,2002-12-24
193250,와이제이엠게임즈,2014-12-29
273060,와이즈버즈,2017-08-07
019210,와이지-원,1997-08-06
122870,와이지엔터테인먼트,2011-11-23
037270,YG PLUS,2003-08-01
011690,와이투솔루션,1995-12-21
040300,YTN,2001-09-04
332570,와이팜,2020-07-31
079000,와토스코리아,2005-11-15
316140,우리금융지주,2019-02-13
032820,우리기술,2000-06-22
041190,우리기술투자,2000-06-09
115440,우리넷,2010-01-27
046970,우리로,2012-11-27
082850,우리바이오,2005-07-29
215360,우리산업,2015-05-06
072470,우리산업홀딩스,2003-10-28
073560,우리손에프앤지,2016-07-27
037400,우리엔터프라이즈,1999-12-16
153490,우리이앤엘,2013-02-05
101170,우림피티에스,2009-04-28
006980,우성,1988-10-10
066590,우수AMS,2003-02-12
017370,우신시스템,2002-05-28
103840,우양,2019-11-20
046940,우원개발,2002-06-18
215380,우정바이오,2015-05-18
065680,우주일렉트로,2004-01-02
105840,우진,2010-07-26
018620,우진비앤지,2008-05-20
010400,우진아이엔에스,2018-09-14
049800,우진플라임,2006-05-24
016880,웅진,1994-11-05
095720,웅진씽크빅,2007-05-31
396470,워트,2023-10-26
005820,원림,1990-04-20
307280,원바이오젠,2018-12-05
032940,원익,1997-07-18
104830,원익머트리얼즈,2011-12-28
240810,원익IPS,2016-05-02
014190,원익큐브,1996-04-26
074600,원익QnC,2003-12-12
217820,원익피앤이,2015-12-07
030530,원익홀딩스,1996-09-24
012620,원일특강,1994-06-28
382840,원준,2021-10-07
336570,원텍,2019-12-19
376980,원티드랩,2021-08-11
122830,원포유,2020-10-23
008370,원풍,1992-12-18
008290,원풍물산,1997-07-18
101160,월덱스,2008-06-19
064090,웨스트라이즈,2002-12-17
336060,웨이버스,2019-11-28
095270,웨이브일렉트로,2007-09-12
010600,웰바이오텍,1997-07-18
065950,웰크론,2003-07-29
076080,웰크론한텍,2008-07-18
043590,웰킵스하이텍,2001-12-20
196700,웹스,2015-08-24
069080,웹젠,2003-05-23
053580,웹케시,2019-01-25
071460,위니아,2016-07-14
377460,위니아에이드,2022-06-23
044340,위닉스,2000-10-24
330350,위더스제약,2020-07-03
348350,위드텍,2020-10-30
112040,위메이드,2009-12-18
101730,위메이드맥스,2009-06-03
123420,위메이드플레이,2010-11-10
065370,위세아이텍,2020-02-10
140660,위월드,2013-12-26
038620,위즈코프,2000-05-04
299900,위지윅스튜디오,2018-12-20
036090,위지트,1999-12-10
136540,윈스,2011-05-02
320000,윈텍,2019-09-18
097800,윈팩,2013-03-07
192390,윈하이텍,2014-07-25
313760,윌링스,2019-07-25
008600,윌비스,1989-07-28
335870,윙스풋,2019-12-09
900340,윙입푸드,2018-11-30
014830,유니드,2004-12-03
446070,유니드비티플러스,2022-11-28
036200,유니셈,1999-12-10
018000,유니슨,1996-01-10
047400,유니온머티리얼,2009-09-29
000910,유니온,1996-07-03
203450,유니온커뮤니티,2016-12-07
011330,유니켐,1989-12-14
077500,유니퀘스트,2004-08-05
011320,유니크,1993-12-29
086390,유니테스트,2006-12-05
241690,유니테크노,2016-09-20
142210,유니트론텍,2016-02-02
121060,유니포인트,2014-10-24
048430,유라테크,2001-01-11
206650,유바이오로직스,2017-01-24
089850,유비벨록스,2010-06-18
084440,유비온,2022-11-18
032620,유비케어,1997-05-02
264450,유비쿼스,2017-03-31
078070,유비쿼스홀딩스,2009-01-23
002920,유성기업,1988-10-10
024800,유성티엔에스,1999-12-10
000700,유수홀딩스,1956-03-03
054930,유신,2002-01-15
069330,유아이디,2003-08-18
049520,유아이엘,2001-08-02
435380,유안타제10호스팩,2022-10-06
444920,유안타제11호스팩,2023-09-01
446150,유안타제12호스팩,2023-03-17
449020,유안타제13호스팩,2023-02-28
450940,유안타제14호스팩,2023-07-27
430700,유안타제9호스팩,2022-08-04
003475,유안타증권우,1989-03-22
003470,유안타증권,1988-01-21
263770,유에스티,2017-04-06
337840,유엑스엔,2019-11-28
072130,유엔젤,2003-07-01
000225,유유제약1우,1990-01-05
000227,유유제약2우B,2000-06-20
000220,유유제약,1975-11-18
388720,유일로보틱스,2022-03-18
340930,유일에너테크,2021-02-25
023410,유진기업,1994-10-07
388800,유진스팩7호,2021-09-13
413630,유진스팩8호,2022-03-31
442130,유진스팩9호,2022-12-01
056080,유진로봇,2001-11-13
084370,유진테크,2006-01-17
240600,유진테크놀로지,2023-11-02
001200,유진투자증권,1987-08-24
221800,유투바이오,2023-11-02
179900,유티아이,2017-09-27
263050,유틸렉스,2018-12-24
000105,유한양행우,1995-02-21
000100,유한양행,1962-11-01
003465,유화증권우,1990-02-20
003460,유화증권,1987-08-24
191410,육일씨엔에쓰,2015-12-24
372170,윤성에프앤씨,2022-11-14
146060,율촌,2023-09-08
008730,율촌화학,1988-08-30
072770,율호,2007-07-25
008250,이건산업,1988-10-21
039020,이건홀딩스,2000-05-04
025820,이구산업,1995-08-18
067920,이글루,2010-08-04
044960,이글벳,2000-11-16
303530,이노뎁,2021-06-18
296640,이노룰스,2022-10-07
302430,이노메트리,2018-12-12
279060,이노벡스,2019-04-12
214320,이노션,2015-07-17
274400,이노시뮬레이션,2023-07-06
056090,이노시스,2015-11-12
073490,이노와이어리스,2005-02-04
215790,이노인스트루먼트,2015-05-08
344860,이노진,2023-02-20
246960,이노테라피,2019-02-01
088390,이녹스,2006-10-20
272290,이녹스첨단소재,2017-07-10
053350,이니텍,2001-11-15
041520,이라이콤,2003-07-04
264850,이랜시스,2017-06-01
054210,이랜텍,2002-05-09
164060,이루다,2020-08-06
065440,이루온,2003-01-28
088260,이리츠코크렙,2018-06-27
139480,이마트,2011-06-10
115610,이미지스,2010-02-26
078020,이베스트투자증권,2007-02-21
131400,이브이첨단소재,2010-12-27
419700,이브이파킹서비스,2023-07-05
208850,이비테크,2016-06-22
351330,이삭엔지니어링,2021-04-21
080010,이상네트웍스,2005-09-30
379390,이성씨엔아이,2021-06-04
457190,이수스페셜티케미컬,2023-05-31
086890,이수앱지스,2009-02-03
007660,이수페타시스,2003-10-07
005950,이수화학,1988-04-28
015020,이스타코,1988-12-23
047560,이스트소프트,2008-07-01
900110,이스트아시아홀딩스,2010-04-23
067010,이씨에스,2007-12-18
093230,이아이디,2007-11-01
341310,이앤에치,2019-12-27
102710,이엔에프테크놀로지,2009-05-28
074610,이엔플러스,2003-12-23
063760,이엘피,2017-04-06
123570,이엠넷,2011-11-25
278990,EMB,2017-10-31
083470,이엠앤아이,2008-09-18
095190,이엠코리아,2007-10-29
091120,이엠텍,2007-05-02
232530,이엠티,2015-12-30
102460,이연제약,2010-06-10
039030,이오테크닉스,2000-08-24
294090,이오플로우,2020-09-14
245620,EDGC,2018-06-26
088290,이원컴포텍,2009-12-01
084680,이월드,2005-07-26
181340,이즈미디어,2017-07-26
037370,EG,2000-01-11
353810,이지바이오,2020-06-05
350520,이지스레지던스리츠,2020-08-05
334890,이지스밸류리츠,2020-07-16
099750,이지케어텍,2019-03-22
377330,이지트로닉스,2022-02-04
035810,이지홀딩스,1999-11-23
160600,이큐셀,2015-06-26
092130,이크레더블,2008-10-24
096040,이트론,2008-01-25
134060,이퓨쳐,2011-04-27
001840,이화공영,1994-11-23
000760,이화산업,1994-04-29
024810,이화전기,1994-12-29
014990,인디에프,1989-06-20
041830,인바디,2000-12-14
352940,인바이오,2020-12-11
101140,인바이오젠,2008-04-02
216400,인바이츠바이오코아,2015-06-29
079950,인베니아,2005-02-04
389470,인벤티지랩,2022-11-22
277410,인산가,2017-09-29
060150,인선이엔티,2002-06-14
033230,인성정보,1999-07-30
450520,인스웨이브시스템즈,2023-09-25
006490,인스코비,1985-01-17
037330,인지디스플레,1999-12-14
100030,인지소프트,2010-05-25
023800,인지컨트롤스,1997-06-23
034590,인천도시가스,2006-11-07
211050,인카금융서비스,2022-02-16
083640,인콘,2005-12-27
216050,인크로스,2016-10-31
049070,인탑스,2002-02-21
119610,인터로조,2010-07-28
017250,인터엠,1996-01-03
129260,인터지스,2011-12-16
051370,인터플렉스,2003-01-22
064290,인텍플러스,2011-01-05
189300,인텔리안테크,2016-10-18
150840,인트로메딕,2013-12-19
048530,인트론바이오,2011-01-26
023810,인팩,2004-09-21
175140,인포마크,2015-09-23
115310,인포바인,2010-02-09
039290,인포뱅크,2006-07-04
071200,인피니트헬스케어,2010-05-26
101930,인화정공,2010-10-22
249420,일동제약,2016-08-31
000230,일동홀딩스,1975-06-28
013360,일성건설,1989-12-02
003120,일성신약,1985-01-14
333430,일승,2019-11-06
068330,일신바이오,2007-12-26
003200,일신방직,1973-05-23
007110,일신석재,1986-03-04
007575,일양약품우,1989-12-21
007570,일양약품,1974-08-28
178780,일월지엠엘,2015-06-30
008500,일정실업,1994-08-12
019540,일지테크,1992-11-03
081000,일진다이아,2004-12-22
020760,일진디스플,2002-01-09
103590,일진전기,2008-08-01
094820,일진파워,2007-11-06
271940,일진하이솔루스,2021-09-01
015860,일진홀딩스,1990-03-22
226320,잇츠한불,2015-12-28
950140,잉글우드랩,2016-10-14
049550,잉크테크,2002-02-28
389020,자람테크놀로지,2023-03-07
254120,자비스,2016-12-02
043910,자연과환경,2005-11-18
234920,자이글,2016-09-06
289220,자이언트스텝,2021-03-24
317400,자이에스앤디,2019-11-06
033240,자화전자,1999-01-06
174880,장원테크,2016-07-15
049630,재영솔루텍,2003-01-24
417840,저스템,2022-10-28
000950,전방,1968-10-21
110020,전진바이오팜,2018-12-14
208140,정다운,2014-12-17
040420,정상제이엘에스,2000-08-01
045510,정원엔시스,2000-09-07
217190,제너셈,2015-09-25
095700,제넥신,2009-09-15
072520,제넨바이오,2004-10-29
122310,제노레이,2018-05-28
361390,제노코,2021-03-24
066830,제노텍,2016-07-18
225220,제놀루션,2020-07-24
123330,제닉,2011-08-03
159580,제로투세븐,2013-02-19
147830,제룡산업,2012-02-13
033100,제룡전기,1997-08-18
079370,제우스,2006-02-01
067290,JW신약,2003-02-11
054950,제이브이엠,2006-06-07
023440,제이스코홀딩스,1994-10-07
090470,제이스텍,2007-01-10
287410,제이시스메디칼,2018-05-08
137950,제이씨케미칼,2011-08-08
033320,제이씨현시스템,1997-11-10
417500,제이아이테크,2022-11-04
348950,제이알글로벌리츠,2020-08-07
204270,제이앤티씨,2020-03-04
194370,제이에스코퍼레이션,2016-02-04
026040,제이에스티나,1999-12-21
452160,제이엔비,2023-11-24
126880,제이엔케이히터,2011-01-31
322510,제이엘케이,2019-12-11
254160,제이엠멀티,2021-12-13
033050,제이엠아이,1997-08-18
094970,제이엠티,2007-10-12
418550,제이오,2023-02-16
035900,JYP Ent.,2001-08-30
025620,제이준코스메틱,1995-07-08
089790,제이티,2006-10-27
950170,JTC,2018-04-06
030000,제일기획,1998-03-03
052670,제일바이오,2002-01-24
271980,제일약품,2017-07-17
001560,제일연마,2005-12-09
199820,제일전기공업,2020-11-26
038010,제일테크노스,2000-01-11
002620,제일파마홀딩스,1988-01-20
276730,제주맥주,2021-05-26
080220,제주반도체,2005-02-01
006220,제주은행,1972-12-28
089590,제주항공,2015-11-06
216080,제테마,2019-11-14
229000,젠큐릭스,2020-06-25
248020,젬,2021-10-22
082270,젬백스,2005-06-24
064800,젬백스링크,2002-08-22
044060,조광ILI,2001-01-18
004910,조광페인트,1976-12-27
004700,조광피혁,1977-05-27
001550,조비,1976-12-28
462520,조선내화,2023-07-28
120030,조선선재,2010-02-19
034940,조아제약,1999-08-13
067000,조이시티,2008-05-30
018470,조일알미늄,1988-11-22
002600,조흥,1976-12-23
063160,종근당바이오,2001-12-11
185750,종근당,2013-12-06
001630,종근당홀딩스,1976-06-30
033340,좋은사람들,1997-11-03
036930,주성엔지니어링,1999-12-24
185190,수프로,2013-10-29
357580,아모센스,2021-06-25
226400,오스테오닉,2018-02-22
440320,오픈놀,2023-06-30
070960,용평리조트,2016-05-27
187420,제노포커스,2015-05-29
189350,코셋,2013-12-24
348080,큐라티스,2023-06-15
023450,동남합성,1996-12-24
002380,KCC,1973-06-25
044380,주연테크,2006-11-15
239340,줌인터넷,2016-06-09
024110,기업은행,2003-12-24
072020,중앙백신,2003-10-31
000440,중앙에너비스,1993-03-24
051980,중앙첨단소재,2001-07-31
228760,지노믹트리,2019-03-27
314130,지놈앤컴퍼니,2020-12-23
013890,지누스,2019-10-30
389030,지니너스,2021-11-08
043610,지니뮤직,2000-07-20
263860,지니언스,2017-08-02
303030,지니틱스,2018-08-30
036180,지더블유바이텍,1999-12-21
208350,지란지교시큐리티,2014-12-24
289860,지슨,2023-01-26
144510,지씨셀,2016-06-23
358570,지아이이노베이션,2023-03-30
382480,지아이텍,2021-10-21
382800,지앤비에스 에코,2021-10-29
299480,지앤이헬스케어,2018-06-29
051160,지어소프트,2002-05-28
001250,GS글로벌,1976-06-26
007070,GS리테일,2011-12-23
053050,지에스이,2001-10-11
130500,GH신소재,2013-08-02
388610,지에프씨생명과학,2022-12-23
119850,지엔씨에너지,2013-10-02
065060,지엔코,2002-05-28
204840,지엘팜텍,2014-11-20
013870,지엠비코리아,2012-11-20
071320,지역난방공사,2010-01-29
270520,지오릿에너지,2017-08-22
311320,지오엘리먼트,2021-11-11
388050,지투파워,2022-04-01
219750,지티지웰니스,2018-09-21
088790,진도,2006-03-28
018120,진로발효,1993-12-29
109820,진매트릭스,2009-11-06
086060,진바이오텍,2006-04-28
036890,진성티이씨,2000-07-20
363250,진시스템,2021-05-26
003780,진양산업,1973-06-26
007370,진양제약,2000-07-27
010640,진양폴리,1989-09-30
100250,진양홀딩스,2008-02-15
051630,진양화학,2001-01-29
272450,진에어,2017-12-08
285800,진영,2023-06-01
011000,진원생명과학,1987-11-16
250030,진코스텍,2019-11-29
002785,진흥기업우B,2003-06-16
002787,진흥기업2우B,2006-12-05
002780,진흥기업,1977-06-25
233990,질경이,2015-12-29
085660,차바이오텍,2005-12-27
261780,차백신연구소,2021-10-22
900250,크리스탈신소재,2016-01-28
009310,참엔지니어링,1987-11-12
094850,참좋은여행,2007-04-30
004650,창해에탄올,2014-07-30
278280,천보,2019-02-11
000650,천일고속,1977-06-23
362320,청담글로벌,2022-06-03
012600,청호ICT,1990-07-10
066360,체리부로,2017-12-04
033250,체시스,1999-08-11
047820,초록뱀미디어,2002-12-24
094360,칩스앤미디어,2015-08-05
016790,카나리아바이오,2018-06-01
016920,카스,1990-01-04
284620,카이노스메드,2018-06-08
446600,카이바이오텍,2022-12-23
293490,카카오게임즈,2020-09-10
323410,카카오뱅크,2021-08-06
035720,카카오,2017-07-10
377300,카카오페이,2021-11-03
042000,카페24,2018-02-08
006380,카프로,1974-05-28
317530,캐리소프트,2019-10-29
071850,캐스텍코리아,2014-05-27
050110,캠시스,2001-05-17
452300,캡스톤파트너스,2023-11-15
119860,커넥트웨이브,2011-01-24
223310,커머스마이너,2015-12-24
109070,컨버즈,2009-03-17
451760,컨텍,2023-11-09
900310,컬러레이,2017-08-10
078340,컴투스,2007-07-06
063080,컴투스홀딩스,2009-07-30
307930,컴퍼니케이,2019-05-23
079190,케스피온,2005-11-29
263700,케어랩스,2018-03-28
214370,케어젠,2015-11-17
221980,케이디켐,2015-11-19
900280,골든센츄리,2016-10-19
038530,케이바이오,2000-06-09
001620,케이비아이동국실업,1990-09-15
024840,KBI메탈,1994-12-29
424140,케이비제21호스팩,2022-06-23
436530,케이비제22호스팩,2022-09-22
455250,KB제25호스팩,2023-06-23
458320,KB제26호스팩,2023-08-10
464680,KB제27호스팩,2023-11-03
318000,KBG,2019-08-01
192250,케이사인,2014-04-28
009440,KC그린홀딩스,1994-11-05
029460,케이씨,1997-11-25
112190,KC산업,2016-05-31
021320,KCC건설,2001-08-21
344820,KCC글라스,2020-01-21
036670,KCI,2001-01-03
115500,케이씨에스,2010-04-14
119650,KC코트렐,2010-01-29
281820,케이씨텍,2017-12-05
089150,케이씨티,2006-12-13
025880,케이씨피드,1995-07-07
015590,KIB플러그에너지,1989-05-27
093320,케이아이엔엑스,2011-02-08
093640,케이알엠,2007-10-19
044450,KSS해운,2007-10-26
073010,케이에스피,2004-12-17
226360,KH 건설,2015-10-22
060720,KH바텍,2002-05-21
111870,KH 전자,2010-11-05
122450,KX,2011-05-25
052900,KX하이텍,2005-01-18
105330,케이엔더블유,2009-09-29
053080,케이엔솔,2020-09-24
432470,케이엔에스,2023-12-06
058400,KNN,2010-11-03
272110,케이엔제이,2019-10-25
039420,케이엘넷,2002-03-12
083550,케이엠,2005-12-20
032500,케이엠더블유,2000-03-21
225430,케이엠제약,2015-10-08
102370,케이옥션,2022-01-24
092220,KEC,2006-10-16
046440,KG모빌리언스,2004-12-14
035600,KG이니시스,2002-11-22
151860,KG ETS,2013-07-24
381970,케이카,2021-10-13
145270,케이탑리츠,2012-01-31
030200,KT,1998-12-23
053210,스카이라이프,2011-06-03
058850,KTcs,2010-09-16
058860,KTis,2010-12-17
036030,케이티알파,1999-12-24
033780,KT&G,1999-10-08
064820,케이프,2007-05-29
256940,케이피에스,2017-09-06
024880,케이피에프,1994-12-29
042040,케이피엠테크,2003-01-07
054410,케이피티유,2002-04-25
258610,케일럼,2017-08-22
274090,켄코아에어로스페이스,2020-03-03
402420,켈스,2021-11-30
089010,켐트로닉스,2007-01-17
220260,켐트로스,2015-07-27
176590,코나솔,2022-06-15
052400,코나아이,2001-10-18
402030,코난테크놀로지,2022-07-07
391710,코닉오토메이션,2021-10-15
046070,코다코,2000-12-26
047770,코데즈컴바인,2001-09-18
080530,코디,2010-01-05
417310,코람코더원리츠,2022-03-28
357120,코람코라이프인프라리츠,2020-08-31
104540,코렌텍,2013-03-05
027050,코리아나,1999-12-10
007815,코리아써우,1989-07-04
00781K,코리아써키트2우B,2013-06-17
007810,코리아써키트,1985-09-09
190650,코리아에셋투자증권,2019-11-20
123410,코리아에프티,2010-08-27
003690,코리안리,1969-12-22
036690,코맥스,2000-01-18
049430,코메론,2001-01-16
183300,코미코,2017-03-23
041960,코미팜,2001-10-30
089890,코세스,2006-11-08
009730,코센,1990-07-27
082660,코스나인,2005-10-05
192820,코스맥스,2014-04-07
044820,코스맥스비티아이,2006-11-13
222040,코스맥스엔비티,2015-12-16
241710,코스메카코리아,2016-10-28
005070,코스모신소재,1987-09-28
005420,코스모화학,1987-07-23
355150,코스텍시스,2020-09-18
169670,코스텍시스템,2022-01-21
071950,코아스,2005-08-04
166480,코아스템켐온,2015-06-26
045970,코아시아,2000-08-03
196450,코아시아씨엠,2014-06-02
384470,코어라인소프트,2023-09-18
029960,코엔텍,2004-06-18
002025,코오롱우,1989-08-22
003075,코오롱글로벌우,1989-12-11
003070,코오롱글로벌,1978-09-15
45014K,코오롱모빌리티그룹우,2023-01-31
450140,코오롱모빌리티그룹,2023-01-31
002020,코오롱,1975-06-23
102940,코오롱생명과학,2009-04-07
120115,코오롱인더우,2010-02-01
120110,코오롱인더,2010-02-01
950160,코오롱티슈진,2017-11-06
138490,코오롱플라스틱,2011-06-15
021240,코웨이,2001-08-07
033290,코웰패션,1997-10-13
056360,코위버,2001-12-04
282880,코윈테크,2019-08-05
121850,코이즈,2012-09-27
448710,코츠테크놀로지,2023-08-10
015710,코콤,1997-09-30
052330,코텍,2001-07-10
322780,코퍼스코리아,2019-05-31
036420,콘텐트리중앙,2019-10-18
200130,콜마비앤에이치,2014-07-23
031820,콤텍시스템,1997-02-12
294570,쿠콘,2021-04-28
192400,쿠쿠홀딩스,2014-08-06
284740,쿠쿠홈시스,2018-01-11
317690,퀀타매트릭스,2020-12-09
078940,퀀타피아,2004-08-27
432720,퀄리타스반도체,2023-10-27
456190,큐라켐,2023-05-18
365270,큐라클,2021-07-22
086460,큐러블,2013-07-01
060280,큐렉소,2002-07-03
372320,큐로셀,2023-11-09
040350,큐로컴,2002-01-10
051780,큐로홀딩스,2001-06-26
115180,큐리언트,2016-02-29
445680,큐리옥스바이오시스템즈,2023-08-10
182360,큐브엔터,2013-11-21
405100,큐알티,2022-11-02
066310,큐에스아이,2006-11-24
136660,큐엠씨,2014-07-01
016600,큐캐피탈,1993-06-21
355390,크라우드웍스,2023-08-31
26490K,크라운제과우,2017-04-11
264900,크라운제과,2017-04-11
005745,크라운해태홀딩스우,1994-11-22
005740,크라운해태홀딩스,1976-06-30
259960,크래프톤,2021-08-10
096240,크레버스,2008-06-27
215570,크로넥스,2015-12-28
114120,크루셜텍,2010-07-21
110790,크리스에프앤씨,2018-10-01
045520,크린앤사이언스,2000-12-05
036170,클라우드에어,1999-12-21
214150,클래시스,2015-04-03
352770,클리노믹스,2020-12-04
237880,클리오,2016-11-09
139670,키네마스터,2011-12-02
020120,키다리스튜디오,1996-07-03
413600,키움제6호스팩,2022-04-07
433530,키움제7호스팩,2022-09-07
446840,키움제8호스팩,2023-05-17
039490,키움증권,2009-08-03
054780,키이스트,2003-11-14
336040,타스컴,2019-12-02
219130,타이거일렉,2015-09-25
346010,타이드,2022-12-28
318660,타임기술,2021-06-24
434190,탈로스,2022-10-24
360070,탑머티리얼,2022-10-18
180060,탑선,2017-10-27
065130,탑엔지니어링,2003-01-29
134580,탑코미디어,2013-11-26
014580,태경비케이,1991-03-07
015890,태경산업,1996-01-30
006890,태경케미컬,2003-01-28
023160,태광,1994-09-07
003240,태광산업,1975-12-27
011280,태림포장,1988-12-20
323280,태성,2019-06-24
053620,태양,2001-08-07
052960,태양3C,2023-01-26
004105,태양금속우,1990-01-08
004100,태양금속,1976-05-25
116100,태양기계,2013-07-01
009410,태영건설,1989-11-13
009415,태영건설우,1994-11-22
044490,태웅,2001-11-08
124560,태웅로직스,2019-12-10
001420,태원물산,1975-06-24
007980,태평양물산,1994-12-27
191420,테고사이언스,2014-11-06
073640,테라사이언스,2004-01-06
066700,테라젠이텍스,2004-05-27
095610,테스,2008-05-20
055490,테이팩스,2017-10-31
308700,테크엔,2018-12-21
064520,테크엘,2002-12-04
089030,테크윙,2011-11-10
258050,테크트랜스,2018-07-13
054450,텔레칩스,2004-12-10
091440,텔레필드,2008-02-01
078000,텔코웨어,2004-07-20
200230,텔콘RF제약,2014-11-24
214420,토니모리,2015-07-10
393210,토마토시스템,2023-04-27
215480,토박스코리아,2015-05-13
051360,토비스,2004-11-19
045340,토탈소프트,2002-07-19
108230,톱텍,2009-09-15
079970,투비소프트,2010-06-01
199800,툴젠,2021-12-10
417790,트루엔,2023-05-17
105550,트루윈,2014-07-11
290090,트윔,2021-11-17
026150,특수건설,1997-08-06
322180,티라유텍,2019-10-31
117730,티로보틱스,2018-11-29
033830,티비씨,2010-11-29
057680,티사이언티픽,2002-06-18
204610,티쓰리,2022-11-17
064760,티씨케이,2003-08-18
246710,티앤알바이오팹,2018-11-28
340570,티앤엘,2020-11-20
043220,티에스넥스젠,2001-07-03
277880,티에스아이,2020-07-22
131290,티에스이,2011-01-05
246690,TS인베스트먼트,2016-12-15
317240,TS트릴리온,2019-04-29
019180,티에이치엔,1996-07-31
425420,티에프이,2022-11-17
131100,티엔엔터테인먼트,2011-06-14
356860,티엘비,2020-12-14
062860,티엘아이,2006-07-25
413300,티엘엔지니어링,2022-09-27
002900,TYM,1973-06-26
36328K,티와이홀딩스우,2020-09-22
363280,티와이홀딩스,2020-09-22
321550,티움바이오,2019-11-22
091810,티웨이항공,2018-08-01
004870,티웨이홀딩스,1977-06-30
425040,티이엠씨,2023-01-19
032540,TJ미디어,1997-04-16
022220,TKG애강,2006-04-11
069260,TKG휴켐스,2002-10-07
104480,티케이케미칼,2011-04-26
081150,티플랙스,2009-04-23
130740,티피씨글로벌,2011-02-08
048770,TPC,2001-01-16
217880,틸론,2015-05-28
084730,팅크웨어,2006-05-19
058530,파나케이아,2002-02-05
440110,파두,2023-08-07
034230,파라다이스,2002-11-05
033540,파라텍,1997-12-26
388870,파로스아이바이오,2023-07-27
043200,파루,2000-07-19
214450,파마리서치,2015-07-24
217950,파마리서치바이오,2015-11-05
208340,파멥신,2018-11-21
005690,파미셀,1988-05-20
177830,파버나인,2014-08-04
037070,파세코,2000-01-04
150900,파수,2013-10-18
037030,파워넷,2018-06-07
047310,파워로직스,2003-07-25
266870,파워풀엑스,2017-04-24
368770,파이버프로,2021-01-21
170790,파이오링크,2013-08-01
049120,파인디앤씨,2001-07-26
038950,파인디지털,2000-05-04
441270,파인엠텍,2022-10-07
106240,파인테크닉스,2009-03-16
131760,파인텍,2015-08-17
065690,파커스,2002-07-16
140860,파크시스템스,2015-12-17
091700,파트론,2006-12-13
202960,판도라티비,2014-08-11
032800,판타지오,1997-06-26
318010,팜스빌,2019-10-22
036580,팜스코,1999-10-25
027710,팜스토리,1996-07-06
004720,팜젠사이언스,1990-06-15
225590,패션플랫폼,2015-10-05
054300,팬스타엔터프라이즈,2002-01-10
068050,팬엔터테인먼트,2006-07-07
028670,팬오션,2007-09-21
222110,팬젠,2016-03-11
271830,팸텍,2023-05-23
010820,퍼스텍,1989-05-10
016800,퍼시스,1996-12-24
263750,펄어비스,2017-09-14
251970,펌텍코리아,2019-07-04
001020,페이퍼코리아,1976-06-26
327610,펨토바이오메드,2019-07-10
168360,펨트론,2022-11-24
087010,펩트론,2015-07-22
090080,평화산업,2006-06-02
010770,평화홀딩스,1986-03-31
119500,포메탈,2010-09-17
389140,포바이포,2022-04-28
022100,포스코DX,2000-11-28
058430,포스코스틸리온,2002-08-16
047050,포스코인터내셔널,2001-03-23
003670,포스코퓨처엠,2019-05-29
005490,POSCO홀딩스,1988-06-10
189690,포시에스,2015-02-11
318020,포인트모바일,2020-12-03
256630,포인트엔지니어링,2017-05-02
331380,포커스에이치엔에스,2019-10-02
234100,폴라리스세원,2017-10-20
041020,폴라리스오피스,2005-10-28
114630,폴라리스우노,2010-01-15
290720,푸드나무,2018-10-04
005670,푸드웰,1993-12-07
094940,푸른기술,2007-09-14
007330,푸른저축은행,1993-12-07
017810,풀무원,1995-10-05
093380,풍강,2007-06-01
023900,풍국주정,1994-11-23
103140,풍산,2008-07-30
005810,풍산홀딩스,1988-07-28
371950,풍원정밀,2022-02-28
370090,퓨런티어,2022-02-23
445180,퓨릿,2023-10-18
341170,퓨쳐메디신,2022-07-27
220100,퓨쳐켐,2016-12-01
035200,프럼파스트,2002-01-15
334970,프레스티지바이오로직스,2021-03-11
950210,프레스티지바이오파마,2021-02-05
321260,프로이천,2019-05-31
296160,프로젠,2023-11-15
053610,프로텍,2001-08-17
303360,프로티아,2023-06-16
377220,프롬바이오,2021-09-28
335810,프리시젼바이오,2020-12-22
053160,프리엠스,2001-10-30
405000,플라즈맵,2022-10-21
041590,플래스크,2002-11-01
367000,플래티어,2021-08-12
075130,플랜티넷,2005-06-10
222670,플럼라인생명과학,2015-07-28
009810,플레이그램,1988-08-31
237820,플레이디,2020-03-12
023770,플레이위드,1994-11-07
300080,플리토,2019-07-17
150440,피노텍,2014-12-05
032580,피델릭스,1997-04-22
051380,피씨디렉트,2002-02-15
241820,피씨엘,2017-02-23
178920,PI첨단소재,2021-08-09
237750,피앤씨테크,2016-07-04
319660,피에스케이,2019-05-10
031980,피에스케이홀딩스,1997-01-07
002230,피에스텍,1991-01-04
057880,피에이치씨,2003-12-29
043370,피에이치에이,2001-12-13
239890,피엔에이치테크,2021-02-16
347740,피엔케이피부임상연구센타,2020-09-09
137400,피엔티,2012-07-06
257370,피엔티엠에스,2018-09-13
024940,PN풍년,1995-01-04
147760,피엠티,2016-12-12
128660,피제이메탈,2010-12-13
006140,피제이전자,1993-12-07
376180,피코그램,2021-11-03
304840,피플바이오,2020-10-19
062970,피피아이,2019-12-26
087600,픽셀플러스,2015-06-12
291810,핀텔,2022-10-20
378340,필에너지,2023-07-14
161580,필옵틱스,2017-06-01
347770,핌스,2020-09-18
163730,핑거,2021-01-29
417180,핑거스토리,2022-12-08
446750,하나26호스팩,2023-03-07
448370,하나27호스팩,2023-04-06
454750,하나28호스팩,2023-08-10
454640,하나29호스팩,2023-06-28
406760,하나금융21호스팩,2022-02-25
418170,하나금융22호스팩,2022-05-26
427950,하나금융23호스팩,2022-09-15
430230,하나금융24호스팩,2022-09-29
435620,하나금융25호스팩,2022-10-20
086790,하나금융지주,2005-12-12
299030,하나기술,2020-11-25
067310,하나마이크론,2005-10-11
372290,하나머스트7호스팩,2021-03-05
166090,하나머티리얼즈,2017-04-28
293480,하나제약,2018-10-02
039130,하나투어,2011-11-01
136480,하림,2011-05-02
003380,하림지주,2017-06-30
101670,하이드로리튬,2008-07-15
365590,하이딥,2020-12-21
149980,하이로닉,2014-12-17
013030,하이록코리아,1989-12-15
352820,하이브,2020-10-15
126700,하이비젼시스템,2010-09-10
106080,하이소닉,2010-02-09
071090,하이스틸,2003-02-17
377400,하이제6호스팩,2021-05-10
400840,하이제7호스팩,2021-12-20
450050,하이제8호스팩,2023-06-22
221840,하이즈항공,2015-11-25
106190,하이텍팜,2010-07-28
019490,하이트론,1998-11-04
000087,하이트진로2우B,2011-09-26
000080,하이트진로,2009-10-19
000145,하이트진로홀딩스우,1987-09-29
000140,하이트진로홀딩스,1973-09-19
373200,하인크코리아,2021-02-26
066130,하츠,2003-02-11
004590,한국가구,1993-06-03
036460,한국가스공사,1999-12-15
039340,한국경제TV,2004-07-30
005430,한국공항,1976-12-28
034950,한국기업평가,2002-02-07
010040,한국내화,2000-10-16
025540,한국단자,1996-10-16
222980,한국맥널티,2015-12-23
010100,한국무브넥스,1987-10-02
331660,한국미라클피플사,2019-10-28
256840,한국비엔씨,2016-12-28
004090,한국석유,1977-06-25
025550,한국선재,1995-06-19
002200,한국수출포장,1974-06-28
002960,한국쉘석유,1988-08-10
017890,한국알콜,1992-08-04
000240,한국앤컴퍼니,1968-12-27
033270,유나이티드제약,2007-10-23
080720,한국유니온제약,2018-07-26
123890,한국자산신탁,2016-07-13
015760,한국전력,1989-08-10
052690,한전기술,2009-12-14
063570,한국전자금융,2006-07-14
041460,한국전자인증,2010-11-19
006200,한국전자홀딩스,1979-11-30
101680,한국정밀기계,2009-05-19
039740,한국정보공학,2000-07-06
053300,한국정보인증,2014-02-04
025770,한국정보통신,1998-01-20
436610,한국제11호스팩,2022-10-20
458610,한국제12호스팩,2023-08-30
464440,한국제13호스팩,2023-11-13
027970,한국제지,1996-07-03
023350,한국종합기술,2011-04-28
025890,한국주강,1997-07-18
000970,한국주철관,1969-12-12
104700,한국철강,2008-09-29
017960,한국카본,1995-07-08
023760,한국캐피탈,1994-11-07
054040,한국컴퓨터,2002-01-15
161890,한국콜마,2012-10-19
024720,한국콜마홀딩스,2002-04-09
021650,한국큐빅,2003-01-24
161390,한국타이어앤테크놀로지,2012-10-04
053590,한국테크놀로지,2001-08-23
034830,한국토지신탁,2016-07-11
152550,한국ANKOR유전,2012-03-08
168490,한국패러랠,2013-04-19
071055,한국금융지주우,2003-07-21
071050,한국금융지주,2003-07-21
007280,한국특강,1989-11-13
032300,한국파마,2020-08-10
037230,한국팩키지,1999-12-21
448900,한국피아이엠,2023-08-30
047810,한국항공우주,2011-06-30
123690,한국화장품,2010-06-01
003350,한국화장품제조,1978-02-06
030520,한글과컴퓨터,1996-09-24
052600,한네트,2001-07-10
011500,한농화성,2003-01-09
002390,한독,1976-06-30
256150,한독크린텍,2019-09-05
092460,한라IMS,2007-05-22
053690,한미글로벌,2009-06-23
042700,한미반도체,2005-07-22
008930,한미사이언스,1988-06-20
128940,한미약품,2010-07-30
047080,한빛소프트,2002-01-10
009240,한샘,2002-07-16
452280,한선엔지니어링,2023-11-24
020000,한섬,1996-07-03
003680,한성기업,1989-01-26
066980,한성크린텍,2003-01-17
105630,한세실업,2009-03-20
069640,한세엠케이,2011-06-21
016450,한세예스24홀딩스,2000-01-06
010420,한솔PNS,1989-05-31
009180,한솔로지스틱스,1989-11-13
114810,한솔아이원스,2013-02-07
070590,한솔인티큐브,2004-01-08
213500,한솔제지,2015-01-26
014680,한솔케미칼,1989-05-20
004710,한솔테크닉스,1988-07-06
004150,한솔홀딩스,1972-05-17
025750,한솔홈데코,2003-11-04
226440,한송네오텍,2015-10-06
042520,한스바이오메드,2009-10-09
004960,한신공영,1976-07-07
011700,한신기계,1987-07-24
430690,한싹,2023-10-04
078350,한양디지텍,2004-05-14
045100,한양이엔지,2000-08-31
001755,한양증권우,1989-10-24
001750,한양증권,1988-03-04
018880,한온시스템,1996-07-31
009420,한올바이오파마,1989-12-18
014130,한익스프레스,1989-07-25
024740,한일단조,1996-11-29
005860,한일사료,1994-11-07
300720,한일시멘트,2018-08-06
123840,한일진공,2010-10-05
002220,한일철강,1988-10-07
006390,한일현대시멘트,1975-12-26
003300,한일홀딩스,1969-11-20
007770,한일화학,1992-09-07
051600,한전KPS,2007-12-14
130660,한전산업,2010-12-16
198940,한주라이트메탈,2023-01-19
107640,한중엔시에스,2013-12-10
002320,한진,1974-08-12
003480,한진중공업홀딩스,1956-03-03
18064K,한진칼우,2013-09-16
180640,한진칼,2013-09-16
005110,한창,1976-06-01
079170,한창산업,2005-02-01
009460,한창제지,1987-12-23
372910,한컴라이프케어,2021-08-17
054920,한컴위드,2001-11-01
002680,한탑,1995-07-07
000885,한화우,1990-01-22
00088K,한화3우B,2016-10-19
45226K,한화갤러리아우,2023-03-31
452260,한화갤러리아,2023-03-31
451800,한화리츠,2023-03-27
000880,한화,1976-06-24
088350,한화생명,2010-03-17
000370,한화손해보험,1975-06-30
009835,한화솔루션우,1989-11-21
009830,한화솔루션,1974-06-19
272210,한화시스템,2019-11-13
012450,한화에어로스페이스,1987-05-27
042660,한화오션,2001-02-02
003535,한화투자증권우,1989-05-06
003530,한화투자증권,1986-11-25
386580,한화플러스제2호스팩,2021-08-05
430460,한화플러스제3호스팩,2022-09-29
455310,한화플러스제4호스팩,2023-09-07
195870,해성디에스,2016-06-24
034810,해성산업,1999-04-16
03481K,해성산업1우,2021-12-02
076610,해성옵틱스,2013-11-06
059270,해성티피씨,2021-04-21
101530,해태제과식품,2016-05-11
220180,핸디소프트,2016-11-24
143210,핸즈코퍼레이션,2016-12-02
900270,헝셩그룹,2016-08-18
214180,헥토이노베이션,2015-06-30
234340,헥토파이낸셜,2019-07-12
084990,헬릭스미스,2005-12-29
000725,현대건설우,1989-09-21
000720,현대건설,1984-12-22
170030,현대공업,2013-12-04
453340,현대그린푸드,2023-04-10
086280,현대글로비스,2005-12-26
064350,현대로템,2013-10-30
079430,현대리바트,2005-11-22
012330,현대모비스,1989-09-05
319400,현대무벡스,2019-05-08
010620,현대미포조선,1983-12-20
052260,현대바이오랜드,2001-05-17
048410,현대바이오,2002-08-08
069960,현대백화점,2002-11-25
004560,현대비앤지스틸,1987-03-24
004310,현대약품,1978-06-28
041440,현대에버다임,2003-11-14
039010,현대에이치티,2000-07-20
017800,현대엘리베이,1996-07-03
307950,현대오토에버,2019-03-28
011210,현대위아,2011-02-21
090850,현대이지웰,2013-12-27
005385,현대차우,1989-09-11
005387,현대차2우B,1998-12-02
005389,현대차3우B,1999-04-15
005380,현대차,1974-06-28
004020,현대제철,1987-05-23
005440,현대지에프홀딩스,1989-08-22
001500,현대차증권,1990-06-09
011760,현대코퍼레이션,1977-12-01
227840,현대코퍼레이션홀딩스,2015-10-23
126560,현대퓨처넷,2010-12-23
001450,현대해상,1989-08-25
057050,현대홈쇼핑,2010-09-13
092300,현우산업,2007-10-24
138360,협진,2013-11-08
011080,형지I&C,2004-07-02
093240,형지엘리트,2009-09-28
003010,혜인,1988-09-20
111110,호전실업,2017-02-02
008775,호텔신라우,1991-08-09
008770,호텔신라,1991-03-12
060560,홈센타홀딩스,2002-07-11
064240,홈캐스트,2003-06-11
039610,화성밸브,2000-03-16
002460,화성산업,1988-09-29
378850,화승알앤에이,2021-03-15
241590,화승엔터프라이즈,2016-10-04
006060,화승인더,1991-02-04
013520,화승코퍼레이션,1991-02-22
010690,화신,1994-01-14
126640,화신정공,2010-08-31
133820,화인베스틸,2014-07-22
127980,화인써키트,2023-02-17
061250,화일약품,2002-04-18
010660,화천기계,1988-12-12
000850,화천기공,1999-11-18
016580,환인제약,1996-07-03
032560,황금에스티,2009-10-29
004800,효성,1973-06-30
094280,효성ITX,2007-10-25
097870,효성오앤비,2008-04-08
298040,효성중공업,2018-07-13
298050,효성첨단소재,2018-07-13
298020,효성티앤씨,2018-07-13
298000,효성화학,2018-07-13
093370,후성,2006-12-22
081660,휠라홀딩스,2010-09-28
290270,휴네시온,2018-08-02
005870,휴니드,1991-09-03
353190,휴럼,2020-06-17
192410,휴림네트웍스,2014-08-14
090710,휴림로봇,2006-12-05
078590,휴림에이텍,2005-10-27
205470,휴마시스,2014-12-01
115160,휴맥스,2009-11-16
028080,휴맥스홀딩스,1997-04-16
200670,휴메딕스,2014-12-26
212310,휴벡셀,2016-07-26
079980,휴비스,2012-02-23
065510,휴비츠,2003-10-31
215090,휴센텍,2015-04-28
005010,휴스틸,1973-06-29
263920,휴엠앤씨,2017-09-28
243070,휴온스,2016-06-03
084110,휴온스글로벌,2006-12-19
145020,휴젤,2015-12-24
024060,흥구석유,1994-12-07
010240,흥국,2009-05-12
189980,흥국에프엔비,2015-08-07
000545,흥국화재우,1990-03-20
000540,흥국화재,1974-12-05
003280,흥아해운,1976-06-29
037440,희림,2000-02-03
238490,힘스,2017-07-20
